INSERT INTO "neighborhoods" ("neighborhood_id", "zipcode", "city", "state", "latitude", "longitude", "population", "median_income", "crime_index") VALUES
	(1, '10001', 'New York', 'NY', 40.7505000, -73.9970000, 29334, 112345.00, 28.40),
	(2, '10002', 'New York', 'NY', 40.7180000, -73.9910000, 77816, 56789.00, 32.10),
	(3, '10003', 'New York', 'NY', 40.7320000, -73.9880000, 53201, 123456.00, 25.70),
	(4, '10004', 'New York', 'NY', 40.7040000, -74.0150000, 4567, 187654.00, 18.20),
	(5, '10005', 'New York', 'NY', 40.7060000, -74.0090000, 3245, 198765.00, 17.50),
	(6, '10006', 'New York', 'NY', 40.7080000, -74.0130000, 2890, 201234.00, 16.80),
	(7, '10007', 'New York', 'NY', 40.7120000, -74.0080000, 3421, 209876.00, 15.90),
	(8, '10008', 'New York', 'NY', 40.7200000, -73.9950000, 1256, 98765.00, 22.30),
	(9, '10009', 'New York', 'NY', 40.7250000, -73.9800000, 56234, 67890.00, 35.60),
	(10, '10010', 'New York', 'NY', 40.7380000, -73.9870000, 23456, 114567.00, 24.30),
	(11, '10011', 'New York', 'NY', 40.7420000, -74.0010000, 45678, 143210.00, 22.80),
	(12, '10012', 'New York', 'NY', 40.7260000, -74.0010000, 28901, 165432.00, 20.10),
	(13, '10013', 'New York', 'NY', 40.7200000, -74.0050000, 34567, 134567.00, 23.40),
	(14, '10014', 'New York', 'NY', 40.7350000, -74.0080000, 28934, 154321.00, 19.70),
	(15, '10015', 'New York', 'NY', 40.7400000, -73.9950000, 12345, 98765.00, 26.50),
	(16, '10016', 'New York', 'NY', 40.7450000, -73.9820000, 45678, 121234.00, 25.10),
	(17, '10017', 'New York', 'NY', 40.7520000, -73.9740000, 23456, 176543.00, 16.40),
	(18, '10018', 'New York', 'NY', 40.7550000, -73.9900000, 14567, 145678.00, 21.20),
	(19, '10019', 'New York', 'NY', 40.7670000, -73.9880000, 39876, 156789.00, 19.90),
	(20, '10020', 'New York', 'NY', 40.7610000, -73.9800000, 4567, 234567.00, 14.20),
	(21, '10021', 'New York', 'NY', 40.7690000, -73.9590000, 45678, 187654.00, 15.30),
	(22, '10022', 'New York', 'NY', 40.7580000, -73.9660000, 23456, 198765.00, 14.70),
	(23, '10023', 'New York', 'NY', 40.7760000, -73.9830000, 56789, 165432.00, 17.80),
	(24, '10024', 'New York', 'NY', 40.7870000, -73.9760000, 45678, 176543.00, 16.90),
	(25, '10025', 'New York', 'NY', 40.8000000, -73.9670000, 67890, 98765.00, 28.90),
	(26, '10026', 'New York', 'NY', 40.8020000, -73.9530000, 34567, 65432.00, 38.20),
	(27, '10027', 'New York', 'NY', 40.8120000, -73.9560000, 56789, 56789.00, 41.50),
	(28, '10028', 'New York', 'NY', 40.7770000, -73.9540000, 34567, 154321.00, 18.50),
	(29, '10029', 'New York', 'NY', 40.7900000, -73.9440000, 78901, 45678.00, 45.30),
	(30, '10030', 'New York', 'NY', 40.8180000, -73.9440000, 23456, 39876.00, 48.70),
	(31, '90001', 'Los Angeles', 'CA', 33.9720000, -118.2470000, 45678, 43210.00, 52.30),
	(32, '90002', 'Los Angeles', 'CA', 33.9500000, -118.2250000, 56789, 34567.00, 58.90),
	(33, '90003', 'Los Angeles', 'CA', 33.9600000, -118.2730000, 47890, 39876.00, 55.40),
	(34, '90004', 'Los Angeles', 'CA', 34.0780000, -118.3020000, 56789, 54321.00, 48.20),
	(35, '90005', 'Los Angeles', 'CA', 34.0600000, -118.3100000, 34567, 56789.00, 44.70),
	(36, '90006', 'Los Angeles', 'CA', 34.0480000, -118.2930000, 67890, 39876.00, 51.80),
	(37, '90007', 'Los Angeles', 'CA', 34.0300000, -118.2850000, 28901, 32109.00, 62.30),
	(38, '90008', 'Los Angeles', 'CA', 34.0100000, -118.3400000, 34567, 65432.00, 42.60),
	(39, '90009', 'Los Angeles', 'CA', 33.9900000, -118.3650000, 12345, 98765.00, 35.40),
	(40, '90010', 'Los Angeles', 'CA', 34.0620000, -118.3120000, 14567, 87654.00, 38.90),
	(41, '90011', 'Los Angeles', 'CA', 34.0000000, -118.2680000, 98765, 29876.00, 65.80),
	(42, '90012', 'Los Angeles', 'CA', 34.0580000, -118.2380000, 23456, 65432.00, 47.30),
	(43, '90013', 'Los Angeles', 'CA', 34.0450000, -118.2450000, 12345, 54321.00, 49.60),
	(44, '90014', 'Los Angeles', 'CA', 34.0420000, -118.2550000, 9876, 76543.00, 43.20),
	(45, '90015', 'Los Angeles', 'CA', 34.0400000, -118.2650000, 23456, 56789.00, 46.80),
	(46, '90016', 'Los Angeles', 'CA', 34.0220000, -118.3450000, 56789, 45678.00, 54.30),
	(47, '90017', 'Los Angeles', 'CA', 34.0520000, -118.2650000, 23456, 65432.00, 51.70),
	(48, '90018', 'Los Angeles', 'CA', 34.0300000, -118.3180000, 45678, 43210.00, 57.20),
	(49, '90019', 'Los Angeles', 'CA', 34.0450000, -118.3380000, 56789, 54321.00, 49.90),
	(50, '90020', 'Los Angeles', 'CA', 34.0650000, -118.3080000, 34567, 67890.00, 44.50),
	(51, '60601', 'Chicago', 'IL', 41.8850000, -87.6230000, 15678, 98765.00, 32.40),
	(52, '60602', 'Chicago', 'IL', 41.8810000, -87.6300000, 8765, 112345.00, 28.70),
	(53, '60603', 'Chicago', 'IL', 41.8800000, -87.6250000, 5432, 123456.00, 25.90),
	(54, '60604', 'Chicago', 'IL', 41.8770000, -87.6210000, 4321, 134567.00, 24.30),
	(55, '60605', 'Chicago', 'IL', 41.8700000, -87.6220000, 28901, 87654.00, 35.60),
	(56, '60606', 'Chicago', 'IL', 41.8840000, -87.6380000, 7654, 143210.00, 22.80),
	(57, '60607', 'Chicago', 'IL', 41.8830000, -87.6470000, 23456, 76543.00, 38.20),
	(58, '60608', 'Chicago', 'IL', 41.8550000, -87.6700000, 67890, 45678.00, 48.50),
	(59, '60609', 'Chicago', 'IL', 41.8100000, -87.6600000, 56789, 39876.00, 52.30),
	(60, '60610', 'Chicago', 'IL', 41.9030000, -87.6330000, 34567, 98765.00, 31.80),
	(61, '60611', 'Chicago', 'IL', 41.9000000, -87.6250000, 28901, 112345.00, 28.40),
	(62, '60612', 'Chicago', 'IL', 41.8800000, -87.6900000, 45678, 54321.00, 44.70),
	(63, '60613', 'Chicago', 'IL', 41.9550000, -87.6570000, 45678, 87654.00, 33.20),
	(64, '60614', 'Chicago', 'IL', 41.9200000, -87.6530000, 56789, 109876.00, 27.50),
	(65, '60615', 'Chicago', 'IL', 41.8200000, -87.6120000, 47890, 65432.00, 42.80),
	(66, '60616', 'Chicago', 'IL', 41.8500000, -87.6250000, 56789, 56789.00, 41.30),
	(67, '60617', 'Chicago', 'IL', 41.7300000, -87.5600000, 78901, 45678.00, 49.60),
	(68, '60618', 'Chicago', 'IL', 41.9450000, -87.7100000, 67890, 76543.00, 36.40),
	(69, '60619', 'Chicago', 'IL', 41.7400000, -87.6100000, 56789, 39876.00, 54.80),
	(70, '60620', 'Chicago', 'IL', 41.7400000, -87.6500000, 67890, 43210.00, 51.70),
	(71, '77001', 'Houston', 'TX', 29.7600000, -95.3690000, 12345, 56789.00, 48.30),
	(72, '77002', 'Houston', 'TX', 29.7560000, -95.3680000, 15678, 87654.00, 42.60),
	(73, '77003', 'Houston', 'TX', 29.7500000, -95.3550000, 23456, 54321.00, 47.20),
	(74, '77004', 'Houston', 'TX', 29.7300000, -95.3700000, 34567, 45678.00, 52.80),
	(75, '77005', 'Houston', 'TX', 29.7200000, -95.4200000, 23456, 143210.00, 24.90),
	(76, '77006', 'Houston', 'TX', 29.7500000, -95.3900000, 28901, 87654.00, 38.50),
	(77, '77007', 'Houston', 'TX', 29.7700000, -95.4000000, 34567, 98765.00, 35.70),
	(78, '77008', 'Houston', 'TX', 29.8000000, -95.4200000, 45678, 87654.00, 34.20),
	(79, '77009', 'Houston', 'TX', 29.7900000, -95.3700000, 47890, 65432.00, 44.30),
	(80, '77010', 'Houston', 'TX', 29.7550000, -95.3650000, 8765, 109876.00, 31.50),
	(81, '77011', 'Houston', 'TX', 29.7500000, -95.3000000, 34567, 34567.00, 56.70),
	(82, '77012', 'Houston', 'TX', 29.7400000, -95.2850000, 28901, 39876.00, 54.20),
	(83, '77013', 'Houston', 'TX', 29.7800000, -95.2300000, 23456, 45678.00, 49.80),
	(84, '77014', 'Houston', 'TX', 29.9600000, -95.4800000, 45678, 65432.00, 42.30),
	(85, '77015', 'Houston', 'TX', 29.7900000, -95.1500000, 56789, 43210.00, 51.40),
	(86, '77016', 'Houston', 'TX', 29.8100000, -95.3000000, 34567, 39876.00, 53.90),
	(87, '77017', 'Houston', 'TX', 29.7100000, -95.2400000, 47890, 45678.00, 50.20),
	(88, '77018', 'Houston', 'TX', 29.8300000, -95.4300000, 34567, 76543.00, 39.60),
	(89, '77019', 'Houston', 'TX', 29.7550000, -95.4100000, 23456, 123456.00, 26.80),
	(90, '77020', 'Houston', 'TX', 29.7700000, -95.3200000, 45678, 39876.00, 52.70),
	(91, '85001', 'Phoenix', 'AZ', 33.4480000, -112.0740000, 12345, 56789.00, 46.30),
	(92, '85002', 'Phoenix', 'AZ', 33.4500000, -112.0700000, 8765, 65432.00, 43.80),
	(93, '85003', 'Phoenix', 'AZ', 33.4550000, -112.0780000, 15678, 54321.00, 48.20),
	(94, '85004', 'Phoenix', 'AZ', 33.4600000, -112.0730000, 9876, 76543.00, 41.50),
	(95, '85005', 'Phoenix', 'AZ', 33.4650000, -112.0800000, 5432, 87654.00, 38.90),
	(96, '85006', 'Phoenix', 'AZ', 33.4700000, -112.0580000, 23456, 43210.00, 54.70),
	(97, '85007', 'Phoenix', 'AZ', 33.4750000, -112.0820000, 18901, 56789.00, 47.40),
	(98, '85008', 'Phoenix', 'AZ', 33.4680000, -112.0100000, 45678, 45678.00, 51.30),
	(99, '85009', 'Phoenix', 'AZ', 33.4800000, -112.1000000, 56789, 39876.00, 56.80),
	(100, '85010', 'Phoenix', 'AZ', 33.4900000, -112.1100000, 12345, 65432.00, 44.60),
	(101, '85011', 'Phoenix', 'AZ', 33.5000000, -112.0900000, 23456, 54321.00, 46.90),
	(102, '85012', 'Phoenix', 'AZ', 33.5100000, -112.0750000, 14567, 76543.00, 40.20),
	(103, '85013', 'Phoenix', 'AZ', 33.5200000, -112.0850000, 23456, 67890.00, 42.50),
	(104, '85014', 'Phoenix', 'AZ', 33.5050000, -112.0550000, 34567, 65432.00, 43.70),
	(105, '85015', 'Phoenix', 'AZ', 33.5150000, -112.0950000, 45678, 56789.00, 45.80),
	(106, '85016', 'Phoenix', 'AZ', 33.5000000, -112.0400000, 34567, 87654.00, 39.40),
	(107, '85017', 'Phoenix', 'AZ', 33.5300000, -112.1200000, 47890, 45678.00, 52.60),
	(108, '85018', 'Phoenix', 'AZ', 33.5100000, -111.9800000, 34567, 98765.00, 36.20),
	(109, '85019', 'Phoenix', 'AZ', 33.5400000, -112.1400000, 28901, 43210.00, 55.30),
	(110, '85020', 'Phoenix', 'AZ', 33.5600000, -112.0500000, 45678, 76543.00, 41.80),
	(111, '19101', 'Philadelphia', 'PA', 39.9520000, -75.1650000, 12345, 56789.00, 48.70),
	(112, '19102', 'Philadelphia', 'PA', 39.9530000, -75.1670000, 8765, 65432.00, 46.20),
	(113, '19103', 'Philadelphia', 'PA', 39.9550000, -75.1720000, 23456, 98765.00, 38.50),
	(114, '19104', 'Philadelphia', 'PA', 39.9560000, -75.1950000, 56789, 43210.00, 58.30),
	(115, '19105', 'Philadelphia', 'PA', 39.9580000, -75.1600000, 5432, 76543.00, 44.80),
	(116, '19106', 'Philadelphia', 'PA', 39.9500000, -75.1450000, 15678, 109876.00, 31.20),
	(117, '19107', 'Philadelphia', 'PA', 39.9520000, -75.1580000, 23456, 87654.00, 39.60),
	(118, '19108', 'Philadelphia', 'PA', 39.9540000, -75.1550000, 9876, 76543.00, 42.70),
	(119, '19109', 'Philadelphia', 'PA', 39.9490000, -75.1620000, 4321, 98765.00, 36.40),
	(120, '19110', 'Philadelphia', 'PA', 39.9470000, -75.1580000, 12345, 65432.00, 45.90),
	(121, '19111', 'Philadelphia', 'PA', 40.0550000, -75.0850000, 56789, 65432.00, 43.20),
	(122, '19112', 'Philadelphia', 'PA', 39.9000000, -75.1850000, 18901, 87654.00, 37.80),
	(123, '19113', 'Philadelphia', 'PA', 39.8800000, -75.2500000, 15678, 76543.00, 41.50),
	(124, '19114', 'Philadelphia', 'PA', 40.0500000, -75.0000000, 45678, 78901.00, 38.40),
	(125, '19115', 'Philadelphia', 'PA', 40.0950000, -75.0450000, 47890, 87654.00, 35.90),
	(126, '19116', 'Philadelphia', 'PA', 40.1200000, -74.9900000, 34567, 76543.00, 40.20),
	(127, '19117', 'Philadelphia', 'PA', 40.0800000, -75.1400000, 23456, 98765.00, 34.70),
	(128, '19118', 'Philadelphia', 'PA', 40.0750000, -75.2000000, 18901, 123456.00, 24.80),
	(129, '19119', 'Philadelphia', 'PA', 40.0550000, -75.1900000, 34567, 87654.00, 36.50),
	(130, '19120', 'Philadelphia', 'PA', 40.0300000, -75.1200000, 67890, 45678.00, 52.40),
	(131, '78201', 'San Antonio', 'TX', 29.4800000, -98.5400000, 45678, 54321.00, 49.30),
	(132, '78202', 'San Antonio', 'TX', 29.4300000, -98.4800000, 34567, 43210.00, 55.60),
	(133, '78203', 'San Antonio', 'TX', 29.4100000, -98.4700000, 23456, 39876.00, 58.20),
	(134, '78204', 'San Antonio', 'TX', 29.4200000, -98.5000000, 28901, 45678.00, 52.70),
	(135, '78205', 'San Antonio', 'TX', 29.4250000, -98.4950000, 12345, 65432.00, 46.80),
	(136, '78206', 'San Antonio', 'TX', 29.4400000, -98.5100000, 8765, 76543.00, 42.30),
	(137, '78207', 'San Antonio', 'TX', 29.4300000, -98.5300000, 67890, 34567.00, 61.50),
	(138, '78208', 'San Antonio', 'TX', 29.4500000, -98.4750000, 18901, 54321.00, 47.90),
	(139, '78209', 'San Antonio', 'TX', 29.4600000, -98.4500000, 34567, 98765.00, 35.40),
	(140, '78210', 'San Antonio', 'TX', 29.4000000, -98.4800000, 45678, 43210.00, 54.30),
	(141, '78211', 'San Antonio', 'TX', 29.3700000, -98.5200000, 47890, 39876.00, 57.80),
	(142, '78212', 'San Antonio', 'TX', 29.4700000, -98.5000000, 34567, 76543.00, 41.60),
	(143, '78213', 'San Antonio', 'TX', 29.5100000, -98.5400000, 45678, 65432.00, 44.90),
	(144, '78214', 'San Antonio', 'TX', 29.3500000, -98.5100000, 38901, 45678.00, 53.20),
	(145, '78215', 'San Antonio', 'TX', 29.4400000, -98.4850000, 12345, 87654.00, 38.70),
	(146, '78216', 'San Antonio', 'TX', 29.5400000, -98.5000000, 56789, 76543.00, 40.50),
	(147, '78217', 'San Antonio', 'TX', 29.5500000, -98.4200000, 47890, 78901.00, 38.20),
	(148, '78218', 'San Antonio', 'TX', 29.5200000, -98.4200000, 45678, 65432.00, 43.60),
	(149, '78219', 'San Antonio', 'TX', 29.4200000, -98.3900000, 34567, 54321.00, 48.40),
	(150, '78220', 'San Antonio', 'TX', 29.3900000, -98.4500000, 28901, 45678.00, 52.10),
	(151, '92101', 'San Diego', 'CA', 32.7150000, -117.1620000, 23456, 87654.00, 38.50),
	(152, '92102', 'San Diego', 'CA', 32.7150000, -117.1300000, 34567, 65432.00, 44.80),
	(153, '92103', 'San Diego', 'CA', 32.7500000, -117.1650000, 28901, 98765.00, 35.20),
	(154, '92104', 'San Diego', 'CA', 32.7500000, -117.1350000, 34567, 76543.00, 41.30),
	(155, '92105', 'San Diego', 'CA', 32.7100000, -117.1000000, 56789, 54321.00, 49.60),
	(156, '92106', 'San Diego', 'CA', 32.7200000, -117.2300000, 18901, 109876.00, 30.80),
	(157, '92107', 'San Diego', 'CA', 32.7300000, -117.2500000, 23456, 98765.00, 34.70),
	(158, '92108', 'San Diego', 'CA', 32.7750000, -117.1350000, 23456, 87654.00, 37.90),
	(159, '92109', 'San Diego', 'CA', 32.8000000, -117.2500000, 45678, 87654.00, 36.40),
	(160, '92110', 'San Diego', 'CA', 32.7650000, -117.2000000, 34567, 76543.00, 40.20),
	(161, '92111', 'San Diego', 'CA', 32.8100000, -117.1700000, 45678, 65432.00, 43.50),
	(162, '92113', 'San Diego', 'CA', 32.6900000, -117.1100000, 47890, 39876.00, 56.70),
	(163, '92114', 'San Diego', 'CA', 32.6800000, -117.0500000, 56789, 56789.00, 47.30),
	(164, '92115', 'San Diego', 'CA', 32.7700000, -117.0700000, 56789, 54321.00, 48.90),
	(165, '92116', 'San Diego', 'CA', 32.7600000, -117.1200000, 34567, 65432.00, 44.20),
	(166, '92117', 'San Diego', 'CA', 32.8200000, -117.2000000, 45678, 78901.00, 38.60),
	(167, '92118', 'Coronado', 'CA', 32.6800000, -117.1800000, 18901, 123456.00, 22.50),
	(168, '92119', 'San Diego', 'CA', 32.8000000, -117.0200000, 28901, 87654.00, 37.20),
	(169, '92120', 'San Diego', 'CA', 32.7900000, -117.0800000, 23456, 98765.00, 35.80),
	(170, '33101', 'Miami', 'FL', 25.7740000, -80.1900000, 34567, 56789.00, 45.60),
	(171, '33102', 'Miami', 'FL', 25.7800000, -80.1950000, 23456, 65432.00, 42.30),
	(172, '33103', 'Miami', 'FL', 25.7900000, -80.2000000, 45678, 54321.00, 48.70),
	(173, '33104', 'Miami', 'FL', 25.8000000, -80.1800000, 34567, 67890.00, 40.20),
	(174, '33105', 'Miami', 'FL', 25.8100000, -80.1700000, 23456, 76543.00, 38.50),
	(175, '33106', 'Miami', 'FL', 25.8200000, -80.1600000, 18901, 98765.00, 32.80),
	(176, '33107', 'Miami', 'FL', 25.8300000, -80.1500000, 23456, 87654.00, 35.60),
	(177, '33108', 'Miami', 'FL', 25.8400000, -80.1400000, 34567, 76543.00, 39.40),
	(178, '33109', 'Miami', 'FL', 25.8500000, -80.1300000, 12345, 123456.00, 22.30),
	(179, '33110', 'Miami', 'FL', 25.8600000, -80.1200000, 45678, 54321.00, 47.80),
	(180, '98101', 'Seattle', 'WA', 47.6060000, -122.3320000, 23456, 87654.00, 35.60),
	(181, '98102', 'Seattle', 'WA', 47.6200000, -122.3200000, 34567, 76543.00, 38.90),
	(182, '98103', 'Seattle', 'WA', 47.6600000, -122.3400000, 45678, 67890.00, 41.20),
	(183, '98104', 'Seattle', 'WA', 47.6000000, -122.3300000, 18901, 98765.00, 33.40),
	(184, '98105', 'Seattle', 'WA', 47.6500000, -122.3100000, 34567, 76543.00, 37.80),
	(185, '98106', 'Seattle', 'WA', 47.5400000, -122.3600000, 23456, 65432.00, 43.50),
	(186, '98107', 'Seattle', 'WA', 47.6600000, -122.3800000, 28901, 87654.00, 36.20),
	(187, '98108', 'Seattle', 'WA', 47.5500000, -122.3000000, 34567, 56789.00, 45.80),
	(188, '98109', 'Seattle', 'WA', 47.6200000, -122.3500000, 23456, 98765.00, 32.70),
	(189, '98110', 'Bainbridge Island', 'WA', 47.6200000, -122.5200000, 23456, 109876.00, 28.40),
	(190, '48201', 'Detroit', 'MI', 42.3350000, -83.0480000, 34567, 29876.00, 68.50),
	(191, '48202', 'Detroit', 'MI', 42.3600000, -83.0700000, 45678, 34567.00, 62.30),
	(192, '48203', 'Detroit', 'MI', 42.4200000, -83.0800000, 56789, 39876.00, 65.80),
	(193, '48204', 'Detroit', 'MI', 42.3600000, -83.1200000, 47890, 32109.00, 71.20),
	(194, '48205', 'Detroit', 'MI', 42.4200000, -82.9700000, 56789, 34567.00, 64.50),
	(195, '48206', 'Detroit', 'MI', 42.3700000, -83.1000000, 45678, 29876.00, 69.80),
	(196, '48207', 'Detroit', 'MI', 42.3500000, -83.0200000, 34567, 43210.00, 58.40),
	(197, '48208', 'Detroit', 'MI', 42.3400000, -83.0900000, 28901, 34567.00, 66.30),
	(198, '48209', 'Detroit', 'MI', 42.3000000, -83.1100000, 45678, 32109.00, 70.50),
	(199, '48210', 'Detroit', 'MI', 42.3300000, -83.1300000, 56789, 29876.00, 72.80),
	(200, '30301', 'Atlanta', 'GA', 33.7490000, -84.3880000, 23456, 65432.00, 44.50),
	(201, '30302', 'Atlanta', 'GA', 33.7600000, -84.3900000, 34567, 76543.00, 41.20),
	(202, '30303', 'Atlanta', 'GA', 33.7500000, -84.3900000, 18901, 87654.00, 38.60),
	(203, '30304', 'Atlanta', 'GA', 33.7400000, -84.3800000, 23456, 98765.00, 35.80),
	(204, '30305', 'Atlanta', 'GA', 33.8400000, -84.3800000, 45678, 123456.00, 25.40),
	(205, '30306', 'Atlanta', 'GA', 33.7800000, -84.3500000, 34567, 109876.00, 30.20),
	(206, '30307', 'Atlanta', 'GA', 33.7700000, -84.3300000, 28901, 98765.00, 33.70),
	(207, '30308', 'Atlanta', 'GA', 33.7700000, -84.3800000, 23456, 76543.00, 39.50),
	(208, '30309', 'Atlanta', 'GA', 33.8000000, -84.3800000, 34567, 87654.00, 36.80),
	(209, '30310', 'Atlanta', 'GA', 33.7200000, -84.4100000, 45678, 54321.00, 48.30),
	(210, '80201', 'Denver', 'CO', 39.7390000, -104.9900000, 23456, 76543.00, 38.50),
	(211, '80202', 'Denver', 'CO', 39.7500000, -105.0000000, 34567, 87654.00, 35.20),
	(212, '80203', 'Denver', 'CO', 39.7300000, -104.9800000, 28901, 76543.00, 37.80),
	(213, '80204', 'Denver', 'CO', 39.7400000, -105.0200000, 23456, 65432.00, 42.30),
	(214, '80205', 'Denver', 'CO', 39.7600000, -104.9700000, 45678, 56789.00, 44.70),
	(215, '80206', 'Denver', 'CO', 39.7200000, -104.9500000, 34567, 98765.00, 33.40),
	(216, '80207', 'Denver', 'CO', 39.7500000, -104.9000000, 23456, 87654.00, 36.90),
	(217, '80208', 'Denver', 'CO', 39.6800000, -104.9600000, 18901, 76543.00, 39.50),
	(218, '80209', 'Denver', 'CO', 39.7100000, -104.9600000, 34567, 109876.00, 29.80),
	(219, '80210', 'Denver', 'CO', 39.6700000, -104.9200000, 45678, 98765.00, 32.40),
	(220, '97201', 'Portland', 'OR', 45.5150000, -122.6780000, 23456, 76543.00, 38.20),
	(221, '97202', 'Portland', 'OR', 45.4900000, -122.6400000, 34567, 65432.00, 41.70),
	(222, '97203', 'Portland', 'OR', 45.5800000, -122.7500000, 28901, 56789.00, 44.50),
	(223, '97204', 'Portland', 'OR', 45.5200000, -122.6700000, 18901, 87654.00, 36.80),
	(224, '97205', 'Portland', 'OR', 45.5200000, -122.6900000, 23456, 98765.00, 34.20),
	(225, '97206', 'Portland', 'OR', 45.4800000, -122.6000000, 45678, 54321.00, 47.60),
	(226, '97207', 'Portland', 'OR', 45.5100000, -122.7100000, 34567, 65432.00, 42.30),
	(227, '97208', 'Portland', 'OR', 45.5400000, -122.6800000, 23456, 76543.00, 39.80),
	(228, '97209', 'Portland', 'OR', 45.5300000, -122.6800000, 28901, 87654.00, 37.40),
	(229, '97210', 'Portland', 'OR', 45.5300000, -122.7200000, 34567, 109876.00, 31.50);

INSERT INTO "addresses" ("address_id", "neighborhood_id", "street", "latitude", "longitude") VALUES
	(1, 1, '8438 Lincoln Place', 40.7542195, -73.9966099),
	(2, 2, '5735 Lake Terrace', 40.7206321, -73.9871815),
	(3, 3, '1905 Lincoln Boulevard', 40.7278283, -73.9836386),
	(4, 4, '9737 Washington Avenue', 40.7083234, -74.0189725),
	(5, 5, '9970 Washington Road', 40.7038028, -74.0099767),
	(6, 6, '8211 Pine Terrace', 40.7113491, -74.0098940),
	(7, 7, '1503 Lincoln Place', 40.7078605, -74.0070621),
	(8, 8, '5999 Park Road', 40.7158767, -73.9950308),
	(9, 9, '7548 Hill Way', 40.7224772, -73.9770826),
	(10, 10, '9278 Oak Road', 40.7367212, -73.9893075),
	(11, 11, '4608 Jefferson Street', 40.7444655, -73.9993667),
	(12, 12, '7986 Elm Terrace', 40.7248815, -74.0012966),
	(13, 13, '4726 Lake Street', 40.7221400, -74.0005248),
	(14, 14, '4018 Main Drive', 40.7320636, -74.0063191),
	(15, 15, '7964 Broadway Street', 40.7355582, -73.9906898),
	(16, 16, '4962 Lincoln Place', 40.7433031, -73.9864781),
	(17, 17, '6867 Elm Place', 40.7501800, -73.9767941),
	(18, 18, '6600 Maple Avenue', 40.7522520, -73.9927387),
	(19, 19, '2676 Main Street', 40.7680072, -73.9876166),
	(20, 20, '2220 River Road', 40.7560309, -73.9755170),
	(21, 21, '3946 Elm Way', 40.7727269, -73.9631609),
	(22, 22, '8815 Park Avenue', 40.7628045, -73.9644562),
	(23, 23, '2825 Park Court', 40.7786349, -73.9862145),
	(24, 24, '2862 River Road', 40.7821082, -73.9799655),
	(25, 25, '618 Pine Road', 40.8000855, -73.9641168),
	(26, 26, '1914 Broadway Court', 40.8018577, -73.9491279),
	(27, 27, '5252 Lake Road', 40.8123516, -73.9605664),
	(28, 28, '9666 Jefferson Road', 40.7788272, -73.9500377),
	(29, 29, '3135 Oak Terrace', 40.7913581, -73.9450238),
	(30, 30, '6561 Lake Lane', 40.8195163, -73.9482639),
	(31, 31, '1008 Maple Road', 33.9749018, -118.2510447),
	(32, 32, '8623 Maple Way', 33.9549746, -118.2207117),
	(33, 33, '1446 Maple Street', 33.9582856, -118.2750160),
	(34, 34, '8631 Washington Lane', 34.0749667, -118.3064515),
	(35, 35, '87 Washington Place', 34.0611764, -118.3142611),
	(36, 36, '5724 Oak Lane', 34.0504876, -118.2949894),
	(37, 37, '8012 Hill Place', 34.0257671, -118.2844198),
	(38, 38, '3010 Park Street', 34.0059468, -118.3418050),
	(39, 39, '6678 Lake Street', 33.9903503, -118.3626453),
	(40, 40, '1222 Pine Drive', 34.0602927, -118.3169700),
	(41, 41, '1900 Maple Road', 33.9974035, -118.2668591),
	(42, 42, '593 Maple Terrace', 34.0581487, -118.2415806),
	(43, 43, '6325 Maple Road', 34.0466319, -118.2479135),
	(44, 44, '1638 Broadway Place', 34.0449701, -118.2538763),
	(45, 45, '1901 Washington Avenue', 34.0362004, -118.2687515),
	(46, 46, '8237 Hill Lane', 34.0264062, -118.3410559),
	(47, 47, '2578 Hill Street', 34.0490673, -118.2653150),
	(48, 48, '5421 Lake Drive', 34.0286722, -118.3164729),
	(49, 49, '657 Hill Road', 34.0416572, -118.3341051),
	(50, 50, '6761 Maple Way', 34.0653162, -118.3041224),
	(51, 51, '1082 Pine Place', 41.8806329, -87.6229252),
	(52, 52, '3725 Maple Avenue', 41.8771530, -87.6305429),
	(53, 53, '7937 Cedar Lane', 41.8782563, -87.6238183),
	(54, 54, '5926 Oak Road', 41.8805050, -87.6184818),
	(55, 55, '5803 Broadway Place', 41.8676763, -87.6187566),
	(56, 56, '6561 Lincoln Way', 41.8798288, -87.6363933),
	(57, 57, '4114 Maple Boulevard', 41.8863417, -87.6490838),
	(58, 58, '9890 Hill Court', 41.8502215, -87.6651169),
	(59, 59, '7376 Pine Drive', 41.8072022, -87.6584199),
	(60, 60, '379 Lincoln Street', 41.9052805, -87.6309978),
	(61, 61, '4942 Main Lane', 41.8995364, -87.6237366),
	(62, 62, '8217 River Boulevard', 41.8805176, -87.6913518),
	(63, 63, '238 Elm Avenue', 41.9500821, -87.6600068),
	(64, 64, '8686 Washington Way', 41.9154421, -87.6508682),
	(65, 65, '2443 Main Avenue', 41.8179090, -87.6103495),
	(66, 66, '593 Main Terrace', 41.8455822, -87.6231772),
	(67, 67, '5088 Washington Road', 41.7321241, -87.5620777),
	(68, 68, '7889 Oak Way', 41.9453420, -87.7135435),
	(69, 69, '3446 Washington Road', 41.7388820, -87.6125650),
	(70, 70, '631 Oak Drive', 41.7361100, -87.6544719),
	(71, 71, '4913 Hill Way', 29.7592646, -95.3667010),
	(72, 72, '5202 Washington Drive', 29.7561272, -95.3659403),
	(73, 73, '1479 Forest Drive', 29.7539956, -95.3562801),
	(74, 74, '7896 River Drive', 29.7259047, -95.3691831),
	(75, 75, '5420 Maple Way', 29.7210096, -95.4220488),
	(76, 76, '467 Cedar Terrace', 29.7493410, -95.3908271),
	(77, 77, '4965 Lake Terrace', 29.7728251, -95.4035150),
	(78, 78, '5265 Jefferson Drive', 29.7992921, -95.4186945),
	(79, 79, '3713 Park Terrace', 29.7946798, -95.3651178),
	(80, 80, '2275 Oak Way', 29.7515663, -95.3612424),
	(81, 81, '1985 Cedar Lane', 29.7484029, -95.3005571),
	(82, 82, '4751 Main Lane', 29.7365070, -95.2878419),
	(83, 83, '6360 River Road', 29.7805160, -95.2302923),
	(84, 84, '6303 Broadway Court', 29.9566647, -95.4834292),
	(85, 85, '1710 Park Terrace', 29.7887353, -95.1473047),
	(86, 86, '2830 Pine Avenue', 29.8097449, -95.2991873),
	(87, 87, '1219 Elm Drive', 29.7087534, -95.2443111),
	(88, 88, '3567 Washington Way', 29.8256989, -95.4283957),
	(89, 89, '8515 Elm Street', 29.7578091, -95.4077991),
	(90, 90, '9235 Elm Drive', 29.7693485, -95.3232279),
	(91, 91, '2309 Forest Avenue', 33.4505537, -112.0690564),
	(92, 92, '6060 Cedar Drive', 33.4506933, -112.0674309),
	(93, 93, '7142 Park Boulevard', 33.4500485, -112.0738755),
	(94, 94, '121 Elm Road', 33.4625802, -112.0681345),
	(95, 95, '703 Hill Lane', 33.4686846, -112.0774062),
	(96, 96, '140 Maple Street', 33.4728208, -112.0606295),
	(97, 97, '7899 Forest Avenue', 33.4722390, -112.0840183),
	(98, 98, '5811 Jefferson Terrace', 33.4677997, -112.0058692),
	(99, 99, '5807 Cedar Road', 33.4838212, -112.1043546),
	(100, 100, '3786 Jefferson Avenue', 33.4886295, -112.1058288),
	(101, 101, '4418 Lake Street', 33.5016030, -112.0917777),
	(102, 102, '4170 Broadway Way', 33.5129031, -112.0740546),
	(103, 103, '1409 Lake Road', 33.5224278, -112.0814885),
	(104, 104, '8005 Park Street', 33.5062237, -112.0515266),
	(105, 105, '962 Maple Avenue', 33.5124999, -112.0978581),
	(106, 106, '3929 Lake Road', 33.5037656, -112.0437626),
	(107, 107, '5867 Hill Terrace', 33.5264006, -112.1187714),
	(108, 108, '2892 Hill Street', 33.5075156, -111.9816199),
	(109, 109, '6311 Lake Avenue', 33.5413969, -112.1375093),
	(110, 110, '9513 Washington Avenue', 33.5562331, -112.0476274),
	(111, 111, '9032 Pine Place', 39.9516059, -75.1632187),
	(112, 112, '7234 Maple Avenue', 39.9548092, -75.1702467),
	(113, 113, '9998 Main Terrace', 39.9547366, -75.1718908),
	(114, 114, '8688 Lake Drive', 39.9595076, -75.1906411),
	(115, 115, '6145 Lake Lane', 39.9540894, -75.1580149),
	(116, 116, '4004 Cedar Boulevard', 39.9463280, -75.1490885),
	(117, 117, '3541 Cedar Terrace', 39.9544688, -75.1603345),
	(118, 118, '9259 Maple Place', 39.9585047, -75.1554303),
	(119, 119, '1720 Jefferson Court', 39.9463605, -75.1626949),
	(120, 120, '4156 Pine Lane', 39.9507902, -75.1536078),
	(121, 121, '6322 Oak Road', 40.0561334, -75.0836105),
	(122, 122, '7387 Lake Court', 39.8993827, -75.1892421),
	(123, 123, '6227 Lake Street', 39.8848647, -75.2483905),
	(124, 124, '5394 Broadway Street', 40.0452216, -74.9990936),
	(125, 125, '119 Broadway Court', 40.0986424, -75.0456305),
	(126, 126, '1669 Lincoln Avenue', 40.1246247, -74.9946255),
	(127, 127, '1672 Jefferson Boulevard', 40.0763213, -75.1397113),
	(128, 128, '8418 Lake Drive', 40.0792916, -75.2001320),
	(129, 129, '8550 Main Street', 40.0554753, -75.1880415),
	(130, 130, '2609 Pine Court', 40.0288187, -75.1185484),
	(131, 131, '7925 Forest Terrace', 29.4765091, -98.5388176),
	(132, 132, '9020 Washington Road', 29.4346673, -98.4782470),
	(133, 133, '6012 Jefferson Street', 29.4095292, -98.4721653),
	(134, 134, '2349 Cedar Boulevard', 29.4233284, -98.4969774),
	(135, 135, '9025 Main Street', 29.4262743, -98.4965128),
	(136, 136, '7374 Oak Way', 29.4419898, -98.5097576),
	(137, 137, '5545 Oak Avenue', 29.4309813, -98.5318731),
	(138, 138, '9327 Jefferson Lane', 29.4485342, -98.4722158),
	(139, 139, '1105 Forest Court', 29.4611082, -98.4526160),
	(140, 140, '6475 Lincoln Way', 29.4015954, -98.4751576),
	(141, 141, '5937 Washington Avenue', 29.3691043, -98.5243460),
	(142, 142, '479 River Street', 29.4697498, -98.5011401),
	(143, 143, '224 Lake Terrace', 29.5107728, -98.5375490),
	(144, 144, '1093 Broadway Drive', 29.3496340, -98.5084649),
	(145, 145, '509 River Place', 29.4382709, -98.4813614),
	(146, 146, '8285 Hill Drive', 29.5435952, -98.4977587),
	(147, 147, '831 River Lane', 29.5463236, -98.4182075),
	(148, 148, '858 Jefferson Terrace', 29.5172894, -98.4179513),
	(149, 149, '6183 Pine Way', 29.4168647, -98.3880746),
	(150, 150, '8654 Broadway Place', 29.3874794, -98.4470333),
	(151, 151, '6825 Lake Street', 32.7178468, -117.1659009),
	(152, 152, '8897 Elm Street', 32.7189371, -117.1299415),
	(153, 153, '5123 Forest Court', 32.7453764, -117.1678057),
	(154, 154, '7917 Broadway Road', 32.7538503, -117.1343823),
	(155, 155, '5823 Main Court', 32.7087053, -117.0987465),
	(156, 156, '1269 Cedar Road', 32.7165798, -117.2323773),
	(157, 157, '9219 Main Terrace', 32.7292623, -117.2544377),
	(158, 158, '9279 Park Boulevard', 32.7749069, -117.1352800),
	(159, 159, '4156 Park Road', 32.7992179, -117.2543788),
	(160, 160, '2883 Washington Lane', 32.7638108, -117.2037474),
	(161, 161, '9171 River Terrace', 32.8108467, -117.1713459),
	(162, 162, '8331 Main Place', 32.6922503, -117.1148272),
	(163, 163, '6158 Park Drive', 32.6795568, -117.0544989),
	(164, 164, '2581 Maple Street', 32.7720091, -117.0735701),
	(165, 165, '3563 Cedar Terrace', 32.7644768, -117.1206539),
	(166, 166, '9756 Cedar Drive', 32.8164689, -117.1979904),
	(167, 167, '4909 Oak Boulevard', 32.6788269, -117.1829517),
	(168, 168, '3044 Park Boulevard', 32.8021216, -117.0160054),
	(169, 169, '270 Broadway Terrace', 32.7896980, -117.0751082),
	(170, 170, '7826 Broadway Boulevard', 25.7728271, -80.1934904),
	(171, 171, '2096 Lake Drive', 25.7792937, -80.1975490),
	(172, 172, '1661 Oak Court', 25.7851631, -80.2038202),
	(173, 173, '7642 Washington Drive', 25.8002959, -80.1784581),
	(174, 174, '9351 Jefferson Drive', 25.8128036, -80.1713183),
	(175, 175, '1980 Oak Avenue', 25.8231114, -80.1584560),
	(176, 176, '8139 Washington Avenue', 25.8255587, -80.1480196),
	(177, 177, '6006 Oak Terrace', 25.8368811, -80.1350554),
	(178, 178, '9228 Lake Place', 25.8462423, -80.1297671),
	(179, 179, '5872 Main Road', 25.8635725, -80.1160367),
	(180, 180, '4368 Lake Court', 47.6098944, -122.3270401),
	(181, 181, '328 Broadway Lane', 47.6183077, -122.3200223),
	(182, 182, '4249 Lincoln Court', 47.6621742, -122.3367029),
	(183, 183, '3424 Hill Avenue', 47.6034436, -122.3287673),
	(184, 184, '8091 Broadway Court', 47.6532000, -122.3059003),
	(185, 185, '2203 Park Terrace', 47.5446671, -122.3583860),
	(186, 186, '4974 Hill Lane', 47.6578388, -122.3840047),
	(187, 187, '419 Cedar Place', 47.5475486, -122.3023731),
	(188, 188, '9736 Cedar Way', 47.6179379, -122.3544321),
	(189, 189, '7908 Elm Boulevard', 47.6150363, -122.5165697),
	(190, 190, '4280 Forest Boulevard', 42.3314213, -83.0516642),
	(191, 191, '314 Elm Place', 42.3599540, -83.0685185),
	(192, 192, '6000 Cedar Street', 42.4170340, -83.0836998),
	(193, 193, '6500 Lake Avenue', 42.3602165, -83.1175603),
	(194, 194, '6065 Forest Boulevard', 42.4235741, -82.9653779),
	(195, 195, '3919 Lake Road', 42.3662702, -83.0998124),
	(196, 196, '4582 Elm Place', 42.3457879, -83.0200314),
	(197, 197, '1963 Main Drive', 42.3360426, -83.0946948),
	(198, 198, '4113 Hill Road', 42.3003366, -83.1088748),
	(199, 199, '5527 Lincoln Drive', 42.3271531, -83.1250657),
	(200, 200, '9826 Oak Way', 33.7534452, -84.3849625);

INSERT INTO "agents" ("agent_id", "name", "license", "phone", "email") VALUES
	(1, 'David Smith', '851426', '+1-463-988-6634', 'david.smith158@yahoo.com'),
	(2, 'William Miller', '628482', '+1-999-283-3418', 'william.miller656@yahoo.com'),
	(3, 'Sarah Davis', '007418', '+1-191-374-2935', 'sarah.davis897@yahoo.com'),
	(4, 'Patricia Brown', '995073', '+1-202-161-3543', 'patricia.brown211@yahoo.com'),
	(5, 'John Davis', '327462', '+1-587-658-8065', 'john.davis370@realestate.com'),
	(6, 'John Martinez', '861125', '+1-291-720-5062', 'john.martinez552@yahoo.com'),
	(7, 'David Smith', '261585', '+1-396-146-3608', 'david.smith167@realestate.com'),
	(8, 'David Williams', '030985', '+1-403-824-3573', 'david.williams392@gmail.com'),
	(9, 'John Garcia', '242502', '+1-978-676-6815', 'john.garcia666@gmail.com'),
	(10, 'Lisa Davis', '975392', '+1-957-952-8975', 'lisa.davis222@yahoo.com'),
	(11, 'Sarah Garcia', '973346', '+1-679-790-9949', 'sarah.garcia756@gmail.com'),
	(12, 'Lisa Jones', '811929', '+1-558-382-3044', 'lisa.jones635@yahoo.com'),
	(13, 'Emily Johnson', '715540', '+1-161-269-9429', 'emily.johnson800@realestate.com'),
	(14, 'Jane Johnson', '777218', '+1-828-184-5591', 'jane.johnson555@yahoo.com'),
	(15, 'Patricia Brown', '716284', '+1-974-343-6175', 'patricia.brown221@gmail.com'),
	(16, 'Emily Williams', '656844', '+1-936-525-8999', 'emily.williams720@yahoo.com'),
	(17, 'Lisa Garcia', '679894', '+1-716-589-9440', 'lisa.garcia210@realestate.com'),
	(18, 'William Smith', '574933', '+1-921-796-4248', 'william.smith761@gmail.com'),
	(19, 'David Rodriguez', '607783', '+1-123-905-2990', 'david.rodriguez781@realestate.com'),
	(20, 'Michael Martinez', '192781', '+1-991-448-7989', 'michael.martinez584@gmail.com'),
	(21, 'Michael Williams', '543531', '+1-379-366-8012', 'michael.williams442@yahoo.com'),
	(22, 'David Smith', '929730', '+1-872-446-3908', 'david.smith97@gmail.com'),
	(23, 'Lisa Brown', '174735', '+1-905-535-4446', 'lisa.brown281@yahoo.com'),
	(24, 'Lisa Williams', '783501', '+1-867-162-8189', 'lisa.williams399@yahoo.com'),
	(25, 'William Johnson', '774834', '+1-231-594-5103', 'william.johnson145@realestate.com'),
	(26, 'Patricia Davis', '146492', '+1-846-835-3421', 'patricia.davis946@gmail.com'),
	(27, 'Sarah Williams', '373297', '+1-522-246-5373', 'sarah.williams446@yahoo.com'),
	(28, 'Patricia Miller', '530118', '+1-548-856-3511', 'patricia.miller651@yahoo.com'),
	(29, 'Emily Garcia', '197841', '+1-625-993-5745', 'emily.garcia586@gmail.com'),
	(30, 'Jane Miller', '294290', '+1-863-825-9943', 'jane.miller263@realestate.com'),
	(31, 'Patricia Rodriguez', '959686', '+1-179-239-8790', 'patricia.rodriguez414@gmail.com'),
	(32, 'David Brown', '685846', '+1-189-919-8397', 'david.brown25@yahoo.com'),
	(33, 'Lisa Williams', '447704', '+1-380-173-1944', 'lisa.williams561@gmail.com'),
	(34, 'Patricia Davis', '718163', '+1-216-365-3617', 'patricia.davis229@realestate.com'),
	(35, 'Michael Miller', '984373', '+1-635-360-9230', 'michael.miller117@realestate.com'),
	(36, 'David Jones', '597935', '+1-648-268-2900', 'david.jones554@gmail.com'),
	(37, 'Sarah Johnson', '460878', '+1-665-959-8251', 'sarah.johnson816@yahoo.com'),
	(38, 'John Smith', '208721', '+1-668-601-4666', 'john.smith233@yahoo.com'),
	(39, 'David Rodriguez', '816280', '+1-383-510-4112', 'david.rodriguez222@yahoo.com'),
	(40, 'Emily Smith', '728475', '+1-687-769-6274', 'emily.smith244@realestate.com'),
	(41, 'Robert Miller', '061038', '+1-149-881-8709', 'robert.miller962@realestate.com'),
	(42, 'Robert Rodriguez', '120070', '+1-479-548-2850', 'robert.rodriguez339@realestate.com'),
	(43, 'Jane Martinez', '759682', '+1-271-599-9968', 'jane.martinez282@yahoo.com'),
	(44, 'William Miller', '780840', '+1-270-252-5440', 'william.miller439@realestate.com'),
	(45, 'William Miller', '610648', '+1-720-832-9026', 'william.miller894@yahoo.com'),
	(46, 'John Miller', '175008', '+1-703-659-3141', 'john.miller795@realestate.com'),
	(47, 'John Johnson', '273186', '+1-977-107-1433', 'john.johnson229@realestate.com'),
	(48, 'John Rodriguez', '869129', '+1-490-683-1740', 'john.rodriguez47@realestate.com'),
	(49, 'Lisa Davis', '837641', '+1-619-145-9152', 'lisa.davis808@yahoo.com'),
	(50, 'Lisa Johnson', '978437', '+1-902-116-9751', 'lisa.johnson783@gmail.com'),
	(51, 'Sarah Garcia', '762895', '+1-200-630-8515', 'sarah.garcia838@yahoo.com'),
	(52, 'John Davis', '680548', '+1-629-264-9211', 'john.davis952@gmail.com'),
	(53, 'William Martinez', '540757', '+1-898-287-5602', 'william.martinez926@realestate.com'),
	(54, 'William Davis', '023227', '+1-326-186-5897', 'william.davis789@realestate.com'),
	(55, 'William Williams', '696534', '+1-819-604-8288', 'william.williams691@yahoo.com'),
	(56, 'William Smith', '989956', '+1-372-968-6329', 'william.smith583@yahoo.com'),
	(57, 'William Davis', '417895', '+1-504-667-5806', 'william.davis651@yahoo.com'),
	(58, 'Patricia Smith', '101516', '+1-242-410-6822', 'patricia.smith727@yahoo.com'),
	(59, 'Patricia Davis', '412535', '+1-252-580-6482', 'patricia.davis3@gmail.com'),
	(60, 'Sarah Brown', '170080', '+1-268-562-1732', 'sarah.brown150@realestate.com'),
	(61, 'David Johnson', '626510', '+1-684-515-2264', 'david.johnson617@yahoo.com'),
	(62, 'Sarah Brown', '308541', '+1-232-960-8505', 'sarah.brown384@yahoo.com'),
	(63, 'David Garcia', '432796', '+1-718-383-6839', 'david.garcia604@realestate.com'),
	(64, 'Sarah Smith', '791828', '+1-898-123-7491', 'sarah.smith912@yahoo.com'),
	(65, 'William Jones', '397746', '+1-753-155-8617', 'william.jones934@yahoo.com'),
	(66, 'David Martinez', '591357', '+1-914-196-8627', 'david.martinez362@gmail.com'),
	(67, 'David Davis', '756693', '+1-660-976-3533', 'david.davis48@realestate.com'),
	(68, 'John Rodriguez', '452940', '+1-387-532-5172', 'john.rodriguez51@gmail.com'),
	(69, 'Sarah Smith', '861759', '+1-145-999-1366', 'sarah.smith32@realestate.com'),
	(70, 'Robert Davis', '777144', '+1-398-556-3547', 'robert.davis703@gmail.com'),
	(71, 'David Brown', '640151', '+1-555-719-3064', 'david.brown720@yahoo.com'),
	(72, 'Lisa Johnson', '541609', '+1-128-960-4940', 'lisa.johnson91@yahoo.com'),
	(73, 'William Rodriguez', '768800', '+1-586-218-3566', 'william.rodriguez226@yahoo.com'),
	(74, 'David Miller', '742908', '+1-118-438-5266', 'david.miller599@gmail.com'),
	(75, 'William Rodriguez', '954106', '+1-411-197-2155', 'william.rodriguez472@yahoo.com'),
	(76, 'Michael Smith', '477310', '+1-634-464-9480', 'michael.smith651@yahoo.com'),
	(77, 'William Johnson', '181382', '+1-190-155-4086', 'william.johnson607@gmail.com'),
	(78, 'William Martinez', '966577', '+1-958-303-4740', 'william.martinez514@yahoo.com'),
	(79, 'Jane Smith', '990991', '+1-403-809-7843', 'jane.smith274@gmail.com'),
	(80, 'William Brown', '601043', '+1-623-731-1132', 'william.brown900@gmail.com'),
	(81, 'Jane Williams', '390223', '+1-237-480-2835', 'jane.williams185@realestate.com'),
	(82, 'John Johnson', '440742', '+1-898-641-4195', 'john.johnson317@yahoo.com'),
	(83, 'Michael Davis', '023042', '+1-346-807-7930', 'michael.davis588@yahoo.com'),
	(84, 'Lisa Jones', '833247', '+1-203-427-2261', 'lisa.jones612@realestate.com'),
	(85, 'Emily Williams', '317291', '+1-527-330-2702', 'emily.williams376@gmail.com'),
	(86, 'Lisa Martinez', '378369', '+1-583-883-1449', 'lisa.martinez912@realestate.com'),
	(87, 'John Jones', '376548', '+1-850-800-6182', 'john.jones708@gmail.com'),
	(88, 'Michael Miller', '560860', '+1-196-457-9306', 'michael.miller672@realestate.com'),
	(89, 'David Johnson', '517073', '+1-255-620-4536', 'david.johnson126@gmail.com'),
	(90, 'Patricia Martinez', '552275', '+1-376-235-8537', 'patricia.martinez452@realestate.com'),
	(91, 'John Miller', '179488', '+1-852-599-8820', 'john.miller44@yahoo.com'),
	(92, 'Patricia Johnson', '108348', '+1-367-312-7243', 'patricia.johnson948@gmail.com'),
	(93, 'Lisa Smith', '824343', '+1-242-411-4244', 'lisa.smith397@gmail.com'),
	(94, 'Patricia Williams', '135009', '+1-866-567-1310', 'patricia.williams361@gmail.com'),
	(95, 'William Williams', '630753', '+1-958-207-6275', 'william.williams567@gmail.com'),
	(96, 'Robert Davis', '895170', '+1-144-469-1287', 'robert.davis107@realestate.com'),
	(97, 'Lisa Smith', '233985', '+1-693-316-9710', 'lisa.smith67@gmail.com'),
	(98, 'Emily Martinez', '688451', '+1-112-582-2744', 'emily.martinez977@realestate.com'),
	(99, 'Michael Rodriguez', '207781', '+1-272-214-8109', 'michael.rodriguez830@yahoo.com'),
	(100, 'Robert Brown', '387968', '+1-233-313-9264', 'robert.brown839@gmail.com'),
	(101, 'Sarah Johnson', '078575', '+1-161-551-3298', 'sarah.johnson399@realestate.com'),
	(102, 'Robert Smith', '937390', '+1-725-311-7748', 'robert.smith804@yahoo.com'),
	(103, 'Michael Davis', '470858', '+1-277-533-9539', 'michael.davis458@yahoo.com'),
	(104, 'John Brown', '593651', '+1-789-206-3784', 'john.brown944@yahoo.com'),
	(105, 'Michael Jones', '109950', '+1-241-172-3575', 'michael.jones863@realestate.com'),
	(106, 'Jane Brown', '754884', '+1-428-640-6394', 'jane.brown491@gmail.com'),
	(107, 'Lisa Davis', '944054', '+1-626-163-9274', 'lisa.davis223@yahoo.com'),
	(108, 'Jane Jones', '290556', '+1-163-346-6773', 'jane.jones436@yahoo.com'),
	(109, 'Sarah Smith', '973479', '+1-978-820-7064', 'sarah.smith399@realestate.com'),
	(110, 'Emily Williams', '711877', '+1-906-226-8310', 'emily.williams800@gmail.com'),
	(111, 'Jane Williams', '546807', '+1-306-525-7891', 'jane.williams670@yahoo.com'),
	(112, 'William Rodriguez', '281787', '+1-732-396-1254', 'william.rodriguez108@yahoo.com'),
	(113, 'Robert Williams', '804772', '+1-254-392-6592', 'robert.williams102@gmail.com'),
	(114, 'Robert Jones', '592122', '+1-869-255-5948', 'robert.jones421@gmail.com'),
	(115, 'Michael Johnson', '431351', '+1-945-943-5151', 'michael.johnson224@yahoo.com'),
	(116, 'Robert Davis', '472802', '+1-171-357-5539', 'robert.davis430@yahoo.com'),
	(117, 'Emily Williams', '297957', '+1-399-405-8262', 'emily.williams768@gmail.com'),
	(118, 'Sarah Davis', '817047', '+1-699-878-7633', 'sarah.davis378@yahoo.com'),
	(119, 'William Smith', '509657', '+1-589-619-8029', 'william.smith516@gmail.com'),
	(120, 'Sarah Miller', '390846', '+1-362-992-8405', 'sarah.miller599@gmail.com'),
	(121, 'William Johnson', '244954', '+1-813-683-5325', 'william.johnson944@gmail.com'),
	(122, 'William Garcia', '171070', '+1-865-942-5667', 'william.garcia832@realestate.com'),
	(123, 'Patricia Smith', '762169', '+1-992-313-3167', 'patricia.smith699@gmail.com'),
	(124, 'Michael Martinez', '584391', '+1-525-987-2236', 'michael.martinez583@gmail.com'),
	(125, 'Robert Johnson', '723163', '+1-987-234-4386', 'robert.johnson181@realestate.com'),
	(126, 'William Smith', '063000', '+1-316-671-3988', 'william.smith717@realestate.com'),
	(127, 'Patricia Williams', '838692', '+1-918-706-1240', 'patricia.williams332@realestate.com'),
	(128, 'Emily Rodriguez', '708300', '+1-298-436-4160', 'emily.rodriguez612@yahoo.com'),
	(129, 'William Davis', '242357', '+1-672-604-1600', 'william.davis189@realestate.com'),
	(130, 'Michael Martinez', '055279', '+1-292-207-7789', 'michael.martinez516@yahoo.com'),
	(131, 'Robert Brown', '759364', '+1-918-748-9700', 'robert.brown692@gmail.com'),
	(132, 'Robert Williams', '400251', '+1-610-478-7319', 'robert.williams340@yahoo.com'),
	(133, 'Sarah Williams', '255323', '+1-248-525-9264', 'sarah.williams137@realestate.com'),
	(134, 'Michael Williams', '338381', '+1-474-212-7134', 'michael.williams217@realestate.com'),
	(135, 'Sarah Williams', '967109', '+1-885-582-8944', 'sarah.williams555@yahoo.com'),
	(136, 'Lisa Davis', '538227', '+1-476-380-6462', 'lisa.davis780@gmail.com'),
	(137, 'Sarah Williams', '217027', '+1-982-939-3722', 'sarah.williams749@realestate.com'),
	(138, 'Patricia Rodriguez', '064034', '+1-946-822-1219', 'patricia.rodriguez78@realestate.com'),
	(139, 'Patricia Martinez', '225508', '+1-239-670-6382', 'patricia.martinez522@realestate.com'),
	(140, 'Lisa Jones', '411424', '+1-595-738-7334', 'lisa.jones499@gmail.com'),
	(141, 'Robert Brown', '316268', '+1-189-390-3766', 'robert.brown866@gmail.com'),
	(142, 'John Rodriguez', '579452', '+1-293-490-7486', 'john.rodriguez392@yahoo.com'),
	(143, 'Patricia Rodriguez', '657326', '+1-551-496-1730', 'patricia.rodriguez275@gmail.com'),
	(144, 'Lisa Johnson', '692215', '+1-308-378-3298', 'lisa.johnson155@yahoo.com'),
	(145, 'Jane Jones', '781610', '+1-219-314-5719', 'jane.jones927@gmail.com'),
	(146, 'David Miller', '066066', '+1-840-804-9915', 'david.miller390@gmail.com'),
	(147, 'Jane Rodriguez', '855574', '+1-227-250-3714', 'jane.rodriguez18@yahoo.com'),
	(148, 'Jane Miller', '094982', '+1-300-414-9513', 'jane.miller649@yahoo.com'),
	(149, 'Robert Williams', '243478', '+1-459-665-5986', 'robert.williams516@realestate.com'),
	(150, 'William Miller', '067363', '+1-949-972-7471', 'william.miller509@gmail.com'),
	(151, 'Jane Davis', '895708', '+1-425-424-7059', 'jane.davis125@realestate.com'),
	(152, 'Robert Garcia', '432595', '+1-516-738-3669', 'robert.garcia576@gmail.com'),
	(153, 'Robert Davis', '603727', '+1-187-121-1549', 'robert.davis143@realestate.com'),
	(154, 'William Garcia', '563952', '+1-169-850-9224', 'william.garcia891@gmail.com'),
	(155, 'Jane Garcia', '652991', '+1-296-631-9369', 'jane.garcia964@yahoo.com'),
	(156, 'William Garcia', '492594', '+1-965-176-7790', 'william.garcia77@realestate.com'),
	(157, 'Emily Rodriguez', '823997', '+1-692-402-3983', 'emily.rodriguez432@gmail.com'),
	(158, 'Lisa Rodriguez', '668704', '+1-166-810-7587', 'lisa.rodriguez372@gmail.com'),
	(159, 'Robert Jones', '044982', '+1-664-954-3753', 'robert.jones636@yahoo.com'),
	(160, 'John Brown', '485172', '+1-986-844-9622', 'john.brown476@yahoo.com'),
	(161, 'John Miller', '943796', '+1-662-286-7375', 'john.miller694@gmail.com'),
	(162, 'Jane Miller', '815443', '+1-315-714-6691', 'jane.miller857@gmail.com'),
	(163, 'David Williams', '477318', '+1-267-575-4600', 'david.williams123@realestate.com'),
	(164, 'Michael Johnson', '028286', '+1-228-937-2615', 'michael.johnson214@yahoo.com'),
	(165, 'Robert Rodriguez', '243533', '+1-203-602-8975', 'robert.rodriguez497@gmail.com'),
	(166, 'Lisa Martinez', '873178', '+1-962-511-8556', 'lisa.martinez316@yahoo.com'),
	(167, 'Patricia Brown', '790377', '+1-584-122-9547', 'patricia.brown623@yahoo.com'),
	(168, 'David Garcia', '231370', '+1-427-141-5290', 'david.garcia979@yahoo.com'),
	(169, 'Robert Williams', '749550', '+1-289-616-7353', 'robert.williams650@realestate.com'),
	(170, 'John Johnson', '479449', '+1-363-817-3150', 'john.johnson969@yahoo.com'),
	(171, 'Robert Miller', '669446', '+1-197-661-4066', 'robert.miller19@yahoo.com'),
	(172, 'Sarah Smith', '083876', '+1-185-275-7103', 'sarah.smith138@realestate.com'),
	(173, 'Jane Rodriguez', '217248', '+1-664-842-6597', 'jane.rodriguez980@realestate.com'),
	(174, 'Lisa Rodriguez', '290767', '+1-699-886-8838', 'lisa.rodriguez250@yahoo.com'),
	(175, 'Robert Brown', '174291', '+1-111-501-2647', 'robert.brown467@yahoo.com'),
	(176, 'John Miller', '865543', '+1-635-599-1120', 'john.miller398@gmail.com'),
	(177, 'Emily Johnson', '899699', '+1-898-509-7319', 'emily.johnson987@gmail.com'),
	(178, 'David Smith', '519359', '+1-134-267-6574', 'david.smith955@gmail.com'),
	(179, 'Patricia Martinez', '783805', '+1-677-871-1775', 'patricia.martinez349@gmail.com'),
	(180, 'Sarah Davis', '541080', '+1-635-513-9926', 'sarah.davis260@yahoo.com'),
	(181, 'David Garcia', '261249', '+1-776-640-4359', 'david.garcia819@gmail.com'),
	(182, 'Michael Miller', '421146', '+1-376-270-2678', 'michael.miller740@gmail.com'),
	(183, 'Jane Rodriguez', '589983', '+1-475-136-8612', 'jane.rodriguez700@yahoo.com'),
	(184, 'Robert Davis', '738634', '+1-242-236-6520', 'robert.davis263@realestate.com'),
	(185, 'William Martinez', '725247', '+1-442-663-2183', 'william.martinez727@gmail.com'),
	(186, 'Michael Johnson', '895403', '+1-492-197-1483', 'michael.johnson267@gmail.com'),
	(187, 'Lisa Rodriguez', '363833', '+1-691-865-6297', 'lisa.rodriguez491@realestate.com'),
	(188, 'Emily Davis', '413589', '+1-965-540-9802', 'emily.davis896@gmail.com'),
	(189, 'Sarah Smith', '905424', '+1-251-819-3717', 'sarah.smith345@gmail.com'),
	(190, 'Sarah Rodriguez', '308893', '+1-943-898-9015', 'sarah.rodriguez158@realestate.com'),
	(191, 'William Johnson', '276333', '+1-962-620-5920', 'william.johnson259@realestate.com'),
	(192, 'Patricia Garcia', '268583', '+1-615-128-8554', 'patricia.garcia421@realestate.com'),
	(193, 'John Martinez', '586308', '+1-153-402-9388', 'john.martinez495@yahoo.com'),
	(194, 'Lisa Martinez', '635089', '+1-967-934-4736', 'lisa.martinez10@realestate.com'),
	(195, 'Michael Smith', '336590', '+1-347-884-4039', 'michael.smith901@realestate.com'),
	(196, 'Patricia Rodriguez', '147213', '+1-651-608-6879', 'patricia.rodriguez911@gmail.com'),
	(197, 'Sarah Jones', '639871', '+1-862-138-7075', 'sarah.jones596@yahoo.com'),
	(198, 'John Miller', '968453', '+1-178-320-4425', 'john.miller401@realestate.com'),
	(199, 'Robert Williams', '880073', '+1-380-309-3263', 'robert.williams222@gmail.com'),
	(200, 'Michael Miller', '216409', '+1-301-543-1757', 'michael.miller440@gmail.com');

INSERT INTO "properties" ("property_id", "address_id", "home_type", "bedrooms", "bathrooms", "living_area_sqft", "lot_area_value", "lot_area_unit", "year_built", "tax_assessed_value", "has_pool", "has_garage", "has_basement", "is_non_owner_occupied", "is_premier_builder") VALUES
	(1, 1, 'Apartment', 3.0, 3.0, 1005, 4763.00, 'sqft', 1967, 396775.00, 'false', 'true', 'false', 'true', 'false'),
	(2, 2, 'Apartment', 1.0, 2.0, 2311, 8345.00, 'sqft', 1999, 992401.00, 'false', 'true', 'true', 'true', 'false'),
	(3, 3, 'Apartment', 5.0, 1.0, 1894, 5047.00, 'sqft', 1998, 262468.00, 'true', 'true', 'false', 'false', 'false'),
	(4, 4, 'Single Family', 2.0, 2.0, 3778, 7387.00, 'sqft', 2006, 544053.00, 'false', 'true', 'true', 'true', 'false'),
	(5, 5, 'Multi Family', 3.0, 1.0, 999, 6457.00, 'sqft', 1985, 861341.00, 'false', 'false', 'false', 'false', 'true'),
	(6, 6, 'Townhouse', 1.0, 4.0, 1430, 4477.00, 'sqft', 1956, 658940.00, 'true', 'true', 'false', 'true', 'false'),
	(7, 7, 'Condo', 4.0, 2.0, 1292, 7163.00, 'sqft', 1951, 138440.00, 'false', 'false', 'false', 'false', 'false'),
	(8, 8, 'Apartment', 1.0, 1.0, 3074, 8555.00, 'sqft', 1992, 220303.00, 'false', 'false', 'false', 'false', 'false'),
	(9, 9, 'Townhouse', 1.0, 4.0, 3143, 4991.00, 'sqft', 1993, 122965.00, 'true', 'true', 'false', 'false', 'false'),
	(10, 10, 'Single Family', 5.0, 1.0, 1016, 7590.00, 'sqft', 2018, 490928.00, 'false', 'true', 'false', 'false', 'false'),
	(11, 11, 'Townhouse', 5.0, 3.0, 2746, 4307.00, 'sqft', 1984, 382702.00, 'false', 'true', 'true', 'false', 'false'),
	(12, 12, 'Multi Family', 2.0, 4.0, 1442, 8419.00, 'sqft', 1979, 485986.00, 'false', 'true', 'false', 'false', 'false'),
	(13, 13, 'Single Family', 4.0, 1.0, 2252, 6902.00, 'sqft', 2005, 813084.00, 'false', 'true', 'true', 'true', 'false'),
	(14, 14, 'Apartment', 2.0, 1.0, 2188, 4875.00, 'sqft', 1972, 615146.00, 'false', 'false', 'true', 'true', 'true'),
	(15, 15, 'Multi Family', 3.0, 1.0, 1427, 7624.00, 'sqft', 1972, 272144.00, 'false', 'true', 'true', 'false', 'false'),
	(16, 16, 'Single Family', 5.0, 3.0, 1332, 4013.00, 'sqft', 1965, 893845.00, 'false', 'false', 'true', 'false', 'false'),
	(17, 17, 'Townhouse', 3.0, 2.0, 3438, 3420.00, 'sqft', 2008, 548406.00, 'false', 'true', 'false', 'false', 'false'),
	(18, 18, 'Multi Family', 2.0, 1.0, 1734, 2595.00, 'sqft', 1963, 511127.00, 'false', 'false', 'false', 'false', 'false'),
	(19, 19, 'Townhouse', 1.0, 3.0, 1925, 5202.00, 'sqft', 1967, 216868.00, 'false', 'true', 'true', 'false', 'true'),
	(20, 20, 'Apartment', 5.0, 1.0, 1350, 3477.00, 'sqft', 1965, 539207.00, 'true', 'true', 'false', 'false', 'false'),
	(21, 21, 'Condo', 3.0, 3.0, 3268, 5474.00, 'sqft', 1997, 814206.00, 'false', 'false', 'true', 'false', 'true'),
	(22, 22, 'Condo', 5.0, 2.0, 2446, 6022.00, 'sqft', 2009, 765835.00, 'true', 'true', 'false', 'false', 'false'),
	(23, 23, 'Single Family', 2.0, 4.0, 1417, 2187.00, 'sqft', 1985, 749399.00, 'false', 'true', 'false', 'false', 'false'),
	(24, 24, 'Condo', 1.0, 1.0, 3134, 2048.00, 'sqft', 2009, 461556.00, 'false', 'false', 'false', 'false', 'false'),
	(25, 25, 'Condo', 4.0, 3.0, 1662, 2247.00, 'sqft', 1969, 244189.00, 'false', 'true', 'false', 'false', 'false'),
	(26, 26, 'Apartment', 5.0, 1.0, 3139, 8955.00, 'sqft', 1999, 689751.00, 'false', 'true', 'true', 'false', 'false'),
	(27, 27, 'Apartment', 2.0, 4.0, 3666, 7193.00, 'sqft', 2014, 637378.00, 'false', 'false', 'false', 'false', 'false'),
	(28, 28, 'Townhouse', 4.0, 4.0, 2248, 1254.00, 'sqft', 2007, 549438.00, 'false', 'true', 'true', 'false', 'false'),
	(29, 29, 'Condo', 5.0, 1.0, 908, 8398.00, 'sqft', 1964, 808284.00, 'false', 'true', 'true', 'true', 'false'),
	(30, 30, 'Apartment', 3.0, 2.0, 2433, 5586.00, 'sqft', 1956, 582262.00, 'false', 'false', 'false', 'false', 'true'),
	(31, 31, 'Apartment', 5.0, 2.0, 2517, 1514.00, 'sqft', 1979, 947611.00, 'false', 'true', 'false', 'true', 'false'),
	(32, 32, 'Multi Family', 3.0, 1.0, 1850, 4585.00, 'sqft', 1952, 895251.00, 'false', 'true', 'false', 'true', 'false'),
	(33, 33, 'Multi Family', 1.0, 4.0, 2616, 1166.00, 'sqft', 1963, 704310.00, 'false', 'true', 'false', 'false', 'false'),
	(34, 34, 'Condo', 5.0, 2.0, 1427, 6443.00, 'sqft', 2009, 145728.00, 'false', 'false', 'false', 'false', 'false'),
	(35, 35, 'Condo', 2.0, 2.0, 1852, 2177.00, 'sqft', 1987, 751634.00, 'false', 'true', 'true', 'true', 'true'),
	(36, 36, 'Condo', 4.0, 3.0, 2918, 3911.00, 'sqft', 1989, 470652.00, 'false', 'true', 'false', 'false', 'false'),
	(37, 37, 'Condo', 3.0, 2.0, 2071, 5775.00, 'sqft', 2002, 755800.00, 'false', 'true', 'false', 'true', 'false'),
	(38, 38, 'Apartment', 4.0, 2.0, 3478, 2617.00, 'sqft', 1984, 358876.00, 'true', 'true', 'false', 'true', 'false'),
	(39, 39, 'Condo', 1.0, 2.0, 1304, 6254.00, 'sqft', 1976, 139879.00, 'false', 'true', 'false', 'true', 'false'),
	(40, 40, 'Apartment', 3.0, 3.0, 3042, 7331.00, 'sqft', 1998, 414710.00, 'false', 'true', 'false', 'false', 'true'),
	(41, 41, 'Apartment', 3.0, 3.0, 3300, 2446.00, 'sqft', 2012, 421449.00, 'false', 'true', 'false', 'false', 'true'),
	(42, 42, 'Apartment', 2.0, 3.0, 2090, 1792.00, 'sqft', 1965, 690594.00, 'false', 'false', 'true', 'false', 'false'),
	(43, 43, 'Apartment', 2.0, 4.0, 838, 2686.00, 'sqft', 2015, 806026.00, 'false', 'true', 'true', 'false', 'false'),
	(44, 44, 'Multi Family', 2.0, 1.0, 3090, 5281.00, 'sqft', 1966, 797599.00, 'false', 'true', 'true', 'false', 'false'),
	(45, 45, 'Multi Family', 1.0, 3.0, 3079, 2018.00, 'sqft', 1997, 947330.00, 'false', 'true', 'true', 'false', 'false'),
	(46, 46, 'Apartment', 2.0, 4.0, 2954, 6792.00, 'sqft', 1964, 922478.00, 'false', 'true', 'true', 'true', 'false'),
	(47, 47, 'Condo', 3.0, 1.0, 1324, 3188.00, 'sqft', 1951, 935337.00, 'true', 'true', 'false', 'false', 'false'),
	(48, 48, 'Apartment', 3.0, 4.0, 2910, 5153.00, 'sqft', 1989, 760176.00, 'false', 'true', 'false', 'false', 'false'),
	(49, 49, 'Apartment', 3.0, 1.0, 3251, 2903.00, 'sqft', 1979, 409820.00, 'false', 'true', 'true', 'false', 'false'),
	(50, 50, 'Single Family', 2.0, 1.0, 2901, 3085.00, 'sqft', 1975, 393940.00, 'false', 'true', 'true', 'true', 'false'),
	(51, 51, 'Single Family', 1.0, 4.0, 3543, 4794.00, 'sqft', 2015, 270349.00, 'false', 'true', 'true', 'false', 'false'),
	(52, 52, 'Multi Family', 4.0, 3.0, 2723, 6313.00, 'sqft', 1965, 798188.00, 'false', 'false', 'false', 'false', 'true'),
	(53, 53, 'Apartment', 3.0, 3.0, 3571, 7297.00, 'sqft', 1994, 956811.00, 'false', 'true', 'true', 'true', 'false'),
	(54, 54, 'Single Family', 5.0, 3.0, 1470, 3746.00, 'sqft', 1955, 109502.00, 'false', 'true', 'false', 'true', 'false'),
	(55, 55, 'Single Family', 3.0, 2.0, 1260, 1484.00, 'sqft', 1956, 247955.00, 'true', 'false', 'false', 'false', 'false'),
	(56, 56, 'Condo', 3.0, 4.0, 2137, 7323.00, 'sqft', 2017, 946133.00, 'false', 'true', 'false', 'true', 'false'),
	(57, 57, 'Multi Family', 1.0, 3.0, 2649, 7169.00, 'sqft', 2009, 123733.00, 'false', 'true', 'false', 'false', 'false'),
	(58, 58, 'Single Family', 1.0, 1.0, 2361, 8871.00, 'sqft', 1988, 429136.00, 'false', 'true', 'false', 'false', 'false'),
	(59, 59, 'Townhouse', 5.0, 2.0, 1483, 7993.00, 'sqft', 1979, 761671.00, 'false', 'false', 'false', 'false', 'true'),
	(60, 60, 'Single Family', 3.0, 2.0, 1270, 1509.00, 'sqft', 2009, 453706.00, 'false', 'true', 'true', 'false', 'false'),
	(61, 61, 'Single Family', 4.0, 2.0, 1626, 3084.00, 'sqft', 1960, 108451.00, 'false', 'true', 'false', 'false', 'false'),
	(62, 62, 'Apartment', 2.0, 4.0, 2367, 8175.00, 'sqft', 1990, 917282.00, 'true', 'false', 'true', 'false', 'false'),
	(63, 63, 'Multi Family', 3.0, 2.0, 1901, 3622.00, 'sqft', 1989, 584460.00, 'true', 'true', 'false', 'false', 'false'),
	(64, 64, 'Single Family', 1.0, 3.0, 2199, 7630.00, 'sqft', 1955, 615402.00, 'false', 'true', 'false', 'false', 'false'),
	(65, 65, 'Multi Family', 2.0, 3.0, 3763, 7030.00, 'sqft', 1963, 385207.00, 'false', 'true', 'false', 'true', 'false'),
	(66, 66, 'Multi Family', 4.0, 2.0, 2591, 3849.00, 'sqft', 2006, 571376.00, 'false', 'false', 'true', 'false', 'false'),
	(67, 67, 'Multi Family', 3.0, 2.0, 2104, 3336.00, 'sqft', 1987, 174808.00, 'true', 'false', 'true', 'false', 'false'),
	(68, 68, 'Townhouse', 5.0, 4.0, 2805, 8440.00, 'sqft', 2012, 738472.00, 'false', 'false', 'false', 'false', 'false'),
	(69, 69, 'Townhouse', 3.0, 1.0, 3747, 3770.00, 'sqft', 1959, 759555.00, 'false', 'true', 'false', 'false', 'false'),
	(70, 70, 'Apartment', 2.0, 1.0, 2043, 4179.00, 'sqft', 2002, 725258.00, 'false', 'true', 'false', 'true', 'false'),
	(71, 71, 'Townhouse', 3.0, 2.0, 1541, 2279.00, 'sqft', 2010, 608776.00, 'false', 'true', 'false', 'false', 'false'),
	(72, 72, 'Multi Family', 2.0, 2.0, 2346, 7059.00, 'sqft', 1960, 928561.00, 'true', 'true', 'true', 'false', 'false'),
	(73, 73, 'Townhouse', 1.0, 4.0, 3454, 8138.00, 'sqft', 1982, 192796.00, 'false', 'false', 'false', 'true', 'false'),
	(74, 74, 'Multi Family', 5.0, 4.0, 3649, 5209.00, 'sqft', 1950, 391589.00, 'false', 'false', 'false', 'false', 'false'),
	(75, 75, 'Townhouse', 3.0, 1.0, 908, 3327.00, 'sqft', 1987, 178679.00, 'false', 'false', 'false', 'false', 'false'),
	(76, 76, 'Townhouse', 2.0, 2.0, 3564, 1123.00, 'sqft', 1961, 698439.00, 'false', 'false', 'false', 'false', 'false'),
	(77, 77, 'Multi Family', 3.0, 4.0, 2106, 6798.00, 'sqft', 1973, 862479.00, 'false', 'true', 'true', 'true', 'false'),
	(78, 78, 'Condo', 1.0, 2.0, 2946, 2748.00, 'sqft', 1969, 738056.00, 'false', 'true', 'false', 'false', 'false'),
	(79, 79, 'Single Family', 5.0, 4.0, 2358, 6086.00, 'sqft', 2002, 300306.00, 'false', 'true', 'false', 'false', 'false'),
	(80, 80, 'Condo', 3.0, 2.0, 1904, 7299.00, 'sqft', 2001, 553568.00, 'false', 'true', 'true', 'false', 'false'),
	(81, 81, 'Condo', 3.0, 4.0, 1759, 6406.00, 'sqft', 1993, 617572.00, 'false', 'true', 'false', 'true', 'false'),
	(82, 82, 'Single Family', 2.0, 2.0, 1839, 7014.00, 'sqft', 1964, 214547.00, 'true', 'true', 'false', 'false', 'false'),
	(83, 83, 'Condo', 2.0, 3.0, 3000, 3104.00, 'sqft', 1960, 885876.00, 'false', 'true', 'false', 'false', 'false'),
	(84, 84, 'Townhouse', 5.0, 3.0, 1509, 4811.00, 'sqft', 1989, 785927.00, 'false', 'false', 'false', 'false', 'true'),
	(85, 85, 'Condo', 3.0, 3.0, 1414, 2519.00, 'sqft', 2012, 418593.00, 'false', 'true', 'false', 'true', 'false'),
	(86, 86, 'Townhouse', 4.0, 4.0, 3148, 5362.00, 'sqft', 1992, 362740.00, 'false', 'true', 'false', 'false', 'false'),
	(87, 87, 'Condo', 3.0, 2.0, 1290, 2789.00, 'sqft', 1994, 839991.00, 'false', 'true', 'false', 'false', 'false'),
	(88, 88, 'Condo', 2.0, 1.0, 2380, 2071.00, 'sqft', 1952, 806644.00, 'false', 'true', 'true', 'false', 'false'),
	(89, 89, 'Multi Family', 3.0, 1.0, 1535, 5644.00, 'sqft', 2005, 742436.00, 'false', 'false', 'false', 'false', 'false'),
	(90, 90, 'Multi Family', 2.0, 3.0, 3571, 5500.00, 'sqft', 1950, 495115.00, 'false', 'true', 'true', 'false', 'false'),
	(91, 91, 'Townhouse', 2.0, 1.0, 2305, 1630.00, 'sqft', 1976, 754868.00, 'false', 'false', 'false', 'false', 'false'),
	(92, 92, 'Townhouse', 5.0, 3.0, 1770, 6679.00, 'sqft', 1984, 710571.00, 'true', 'false', 'true', 'false', 'false'),
	(93, 93, 'Apartment', 4.0, 4.0, 2977, 1610.00, 'sqft', 1954, 691046.00, 'false', 'true', 'false', 'false', 'false'),
	(94, 94, 'Multi Family', 1.0, 1.0, 2757, 4178.00, 'sqft', 2001, 734734.00, 'false', 'true', 'true', 'true', 'false'),
	(95, 95, 'Apartment', 4.0, 3.0, 1270, 3640.00, 'sqft', 2011, 363436.00, 'false', 'false', 'false', 'true', 'false'),
	(96, 96, 'Condo', 5.0, 4.0, 2455, 1926.00, 'sqft', 1952, 883475.00, 'true', 'true', 'false', 'false', 'false'),
	(97, 97, 'Condo', 3.0, 1.0, 920, 8397.00, 'sqft', 1960, 251705.00, 'false', 'false', 'false', 'true', 'false'),
	(98, 98, 'Multi Family', 2.0, 4.0, 1836, 4790.00, 'sqft', 1999, 934034.00, 'true', 'true', 'true', 'false', 'false'),
	(99, 99, 'Townhouse', 5.0, 1.0, 1373, 3577.00, 'sqft', 2012, 312228.00, 'true', 'true', 'true', 'true', 'false'),
	(100, 100, 'Apartment', 3.0, 3.0, 2572, 7654.00, 'sqft', 1993, 776184.00, 'false', 'false', 'true', 'false', 'true'),
	(101, 101, 'Apartment', 4.0, 1.0, 2902, 7665.00, 'sqft', 1959, 650205.00, 'false', 'true', 'false', 'true', 'false'),
	(102, 102, 'Multi Family', 1.0, 4.0, 2411, 7158.00, 'sqft', 2011, 221086.00, 'false', 'false', 'true', 'false', 'false'),
	(103, 103, 'Multi Family', 1.0, 4.0, 2338, 6566.00, 'sqft', 2004, 359043.00, 'false', 'true', 'true', 'true', 'false'),
	(104, 104, 'Townhouse', 2.0, 2.0, 3384, 1120.00, 'sqft', 1960, 333377.00, 'false', 'false', 'false', 'false', 'false'),
	(105, 105, 'Townhouse', 4.0, 1.0, 3598, 8142.00, 'sqft', 1951, 847460.00, 'false', 'true', 'true', 'false', 'true'),
	(106, 106, 'Apartment', 4.0, 1.0, 3399, 6166.00, 'sqft', 1958, 158318.00, 'false', 'true', 'false', 'false', 'false'),
	(107, 107, 'Single Family', 1.0, 4.0, 1480, 6823.00, 'sqft', 2005, 473558.00, 'false', 'true', 'false', 'false', 'false'),
	(108, 108, 'Condo', 5.0, 4.0, 1028, 2177.00, 'sqft', 1991, 403686.00, 'true', 'true', 'true', 'false', 'false'),
	(109, 109, 'Townhouse', 4.0, 4.0, 1709, 3397.00, 'sqft', 2001, 385545.00, 'false', 'true', 'true', 'false', 'false'),
	(110, 110, 'Multi Family', 1.0, 4.0, 3111, 5048.00, 'sqft', 2016, 165726.00, 'false', 'false', 'true', 'false', 'true'),
	(111, 111, 'Townhouse', 3.0, 3.0, 1216, 3877.00, 'sqft', 2003, 206977.00, 'false', 'true', 'false', 'false', 'false'),
	(112, 112, 'Apartment', 4.0, 1.0, 1616, 2353.00, 'sqft', 1976, 276363.00, 'false', 'false', 'true', 'true', 'false'),
	(113, 113, 'Townhouse', 5.0, 3.0, 3167, 6229.00, 'sqft', 2007, 838475.00, 'false', 'false', 'false', 'false', 'false'),
	(114, 114, 'Apartment', 4.0, 2.0, 3635, 4528.00, 'sqft', 2017, 223960.00, 'false', 'false', 'true', 'true', 'false'),
	(115, 115, 'Multi Family', 1.0, 2.0, 917, 8754.00, 'sqft', 2001, 971179.00, 'true', 'true', 'true', 'false', 'false'),
	(116, 116, 'Multi Family', 3.0, 1.0, 1536, 3547.00, 'sqft', 1989, 338184.00, 'false', 'true', 'true', 'false', 'false'),
	(117, 117, 'Townhouse', 1.0, 2.0, 2422, 3311.00, 'sqft', 1997, 707419.00, 'false', 'false', 'true', 'false', 'false'),
	(118, 118, 'Single Family', 2.0, 4.0, 3290, 5595.00, 'sqft', 1974, 398260.00, 'false', 'true', 'true', 'true', 'false'),
	(119, 119, 'Single Family', 5.0, 3.0, 2127, 8331.00, 'sqft', 1997, 337574.00, 'true', 'true', 'true', 'true', 'false'),
	(120, 120, 'Single Family', 1.0, 4.0, 2300, 7440.00, 'sqft', 1986, 271785.00, 'true', 'true', 'false', 'false', 'true'),
	(121, 121, 'Multi Family', 3.0, 4.0, 1709, 6853.00, 'sqft', 1990, 959250.00, 'false', 'true', 'true', 'false', 'false'),
	(122, 122, 'Apartment', 1.0, 1.0, 2404, 1017.00, 'sqft', 1971, 148360.00, 'false', 'false', 'false', 'false', 'false'),
	(123, 123, 'Multi Family', 3.0, 1.0, 2592, 7447.00, 'sqft', 1992, 902613.00, 'false', 'true', 'false', 'true', 'false'),
	(124, 124, 'Townhouse', 4.0, 3.0, 2726, 1915.00, 'sqft', 1979, 375117.00, 'false', 'true', 'true', 'false', 'false'),
	(125, 125, 'Single Family', 2.0, 3.0, 1560, 8513.00, 'sqft', 2017, 496709.00, 'false', 'false', 'false', 'true', 'false'),
	(126, 126, 'Condo', 2.0, 2.0, 3413, 7374.00, 'sqft', 2011, 521978.00, 'false', 'false', 'false', 'false', 'false'),
	(127, 127, 'Single Family', 5.0, 1.0, 2544, 4621.00, 'sqft', 1956, 479884.00, 'true', 'true', 'true', 'false', 'false'),
	(128, 128, 'Apartment', 3.0, 4.0, 2877, 8851.00, 'sqft', 1986, 468089.00, 'false', 'true', 'false', 'false', 'true'),
	(129, 129, 'Multi Family', 4.0, 2.0, 1219, 3061.00, 'sqft', 1951, 129266.00, 'false', 'false', 'true', 'false', 'false'),
	(130, 130, 'Apartment', 2.0, 2.0, 2819, 5405.00, 'sqft', 1996, 563821.00, 'false', 'true', 'true', 'false', 'false'),
	(131, 131, 'Multi Family', 4.0, 4.0, 2464, 7820.00, 'sqft', 2013, 761176.00, 'false', 'false', 'false', 'false', 'false'),
	(132, 132, 'Multi Family', 4.0, 3.0, 2066, 4118.00, 'sqft', 1955, 482613.00, 'false', 'true', 'false', 'false', 'false'),
	(133, 133, 'Multi Family', 3.0, 4.0, 2379, 3813.00, 'sqft', 2008, 163157.00, 'true', 'true', 'false', 'true', 'false'),
	(134, 134, 'Apartment', 1.0, 2.0, 1337, 5901.00, 'sqft', 1965, 839219.00, 'true', 'true', 'false', 'true', 'false'),
	(135, 135, 'Condo', 5.0, 3.0, 2012, 2589.00, 'sqft', 1954, 190946.00, 'false', 'true', 'false', 'true', 'false'),
	(136, 136, 'Multi Family', 3.0, 1.0, 3744, 8442.00, 'sqft', 1950, 407793.00, 'true', 'true', 'false', 'false', 'false'),
	(137, 137, 'Multi Family', 4.0, 4.0, 1352, 6939.00, 'sqft', 1972, 698693.00, 'false', 'false', 'false', 'false', 'false'),
	(138, 138, 'Single Family', 5.0, 1.0, 3666, 6055.00, 'sqft', 1950, 896056.00, 'false', 'true', 'true', 'false', 'false'),
	(139, 139, 'Multi Family', 1.0, 1.0, 2176, 3208.00, 'sqft', 1998, 203029.00, 'false', 'true', 'true', 'false', 'false'),
	(140, 140, 'Single Family', 5.0, 4.0, 3378, 7972.00, 'sqft', 2008, 179054.00, 'false', 'true', 'true', 'false', 'false'),
	(141, 141, 'Multi Family', 4.0, 1.0, 1559, 7747.00, 'sqft', 1955, 305490.00, 'false', 'false', 'false', 'true', 'false'),
	(142, 142, 'Single Family', 2.0, 2.0, 2349, 2928.00, 'sqft', 1982, 696997.00, 'false', 'true', 'false', 'true', 'false'),
	(143, 143, 'Apartment', 4.0, 2.0, 2968, 1734.00, 'sqft', 2011, 197371.00, 'false', 'false', 'true', 'true', 'false'),
	(144, 144, 'Condo', 4.0, 4.0, 3251, 7387.00, 'sqft', 2014, 435840.00, 'true', 'true', 'true', 'false', 'false'),
	(145, 145, 'Multi Family', 3.0, 3.0, 2519, 4181.00, 'sqft', 1970, 262055.00, 'false', 'false', 'true', 'false', 'false'),
	(146, 146, 'Townhouse', 5.0, 1.0, 1612, 5436.00, 'sqft', 1971, 489943.00, 'false', 'true', 'false', 'false', 'false'),
	(147, 147, 'Townhouse', 2.0, 2.0, 1094, 5403.00, 'sqft', 1953, 911250.00, 'false', 'false', 'true', 'false', 'true'),
	(148, 148, 'Condo', 3.0, 4.0, 1722, 1580.00, 'sqft', 1957, 905882.00, 'false', 'true', 'true', 'false', 'false'),
	(149, 149, 'Apartment', 1.0, 1.0, 3516, 6964.00, 'sqft', 1977, 793710.00, 'false', 'true', 'true', 'false', 'false'),
	(150, 150, 'Single Family', 5.0, 1.0, 1438, 7040.00, 'sqft', 2007, 452758.00, 'false', 'true', 'true', 'false', 'false'),
	(151, 151, 'Townhouse', 4.0, 4.0, 2677, 8195.00, 'sqft', 1958, 123571.00, 'false', 'true', 'true', 'true', 'false'),
	(152, 152, 'Condo', 5.0, 1.0, 3596, 8705.00, 'sqft', 1979, 299593.00, 'false', 'true', 'true', 'false', 'false'),
	(153, 153, 'Condo', 4.0, 3.0, 3436, 2709.00, 'sqft', 1983, 560062.00, 'true', 'true', 'false', 'false', 'true'),
	(154, 154, 'Condo', 2.0, 2.0, 2981, 5089.00, 'sqft', 2016, 382803.00, 'false', 'true', 'true', 'false', 'false'),
	(155, 155, 'Multi Family', 2.0, 4.0, 2530, 3804.00, 'sqft', 1975, 905331.00, 'false', 'false', 'true', 'true', 'false'),
	(156, 156, 'Townhouse', 3.0, 1.0, 1862, 1474.00, 'sqft', 1999, 130221.00, 'false', 'true', 'false', 'false', 'true'),
	(157, 157, 'Townhouse', 4.0, 4.0, 1754, 7382.00, 'sqft', 1987, 479144.00, 'false', 'false', 'true', 'false', 'false'),
	(158, 158, 'Apartment', 1.0, 1.0, 1617, 5106.00, 'sqft', 1995, 606290.00, 'false', 'true', 'false', 'false', 'false'),
	(159, 159, 'Condo', 3.0, 3.0, 2777, 7057.00, 'sqft', 2006, 576116.00, 'false', 'true', 'true', 'false', 'false'),
	(160, 160, 'Apartment', 1.0, 4.0, 2064, 6632.00, 'sqft', 2004, 350114.00, 'false', 'false', 'false', 'false', 'false'),
	(161, 161, 'Apartment', 4.0, 3.0, 1719, 7531.00, 'sqft', 1997, 115374.00, 'false', 'true', 'false', 'false', 'false'),
	(162, 162, 'Condo', 5.0, 2.0, 3114, 7239.00, 'sqft', 1995, 862038.00, 'true', 'false', 'true', 'true', 'false'),
	(163, 163, 'Multi Family', 5.0, 1.0, 1414, 4368.00, 'sqft', 1991, 781252.00, 'false', 'false', 'true', 'true', 'false'),
	(164, 164, 'Condo', 2.0, 2.0, 1923, 4572.00, 'sqft', 1975, 395856.00, 'false', 'true', 'true', 'true', 'false'),
	(165, 165, 'Multi Family', 2.0, 1.0, 2941, 4740.00, 'sqft', 1987, 755064.00, 'true', 'false', 'false', 'false', 'false'),
	(166, 166, 'Townhouse', 1.0, 3.0, 1371, 2959.00, 'sqft', 2015, 801085.00, 'true', 'true', 'false', 'false', 'false'),
	(167, 167, 'Multi Family', 1.0, 4.0, 1419, 6676.00, 'sqft', 1950, 314702.00, 'true', 'true', 'true', 'false', 'false'),
	(168, 168, 'Condo', 4.0, 3.0, 1649, 8233.00, 'sqft', 1980, 747966.00, 'false', 'true', 'true', 'false', 'false'),
	(169, 169, 'Condo', 3.0, 4.0, 3130, 1476.00, 'sqft', 1952, 498183.00, 'false', 'false', 'false', 'false', 'false'),
	(170, 170, 'Apartment', 4.0, 1.0, 2215, 3945.00, 'sqft', 1974, 273038.00, 'false', 'true', 'false', 'false', 'false'),
	(171, 171, 'Condo', 4.0, 1.0, 976, 8994.00, 'sqft', 2005, 192518.00, 'false', 'true', 'true', 'true', 'false'),
	(172, 172, 'Multi Family', 5.0, 2.0, 1910, 2573.00, 'sqft', 1969, 997432.00, 'false', 'true', 'false', 'false', 'false'),
	(173, 173, 'Multi Family', 1.0, 2.0, 3212, 3490.00, 'sqft', 1998, 215954.00, 'false', 'true', 'false', 'true', 'false'),
	(174, 174, 'Apartment', 1.0, 3.0, 1485, 6712.00, 'sqft', 1950, 375717.00, 'false', 'false', 'false', 'false', 'false'),
	(175, 175, 'Multi Family', 4.0, 3.0, 2416, 1397.00, 'sqft', 1985, 954984.00, 'false', 'false', 'false', 'false', 'false'),
	(176, 176, 'Multi Family', 2.0, 3.0, 2917, 5007.00, 'sqft', 1997, 882299.00, 'false', 'true', 'true', 'false', 'false'),
	(177, 177, 'Condo', 5.0, 3.0, 1745, 4743.00, 'sqft', 1962, 695825.00, 'true', 'true', 'true', 'false', 'true'),
	(178, 178, 'Single Family', 3.0, 3.0, 3409, 6249.00, 'sqft', 2016, 506809.00, 'false', 'false', 'true', 'false', 'false'),
	(179, 179, 'Multi Family', 5.0, 1.0, 3795, 3810.00, 'sqft', 1963, 557098.00, 'false', 'true', 'true', 'false', 'false'),
	(180, 180, 'Apartment', 1.0, 4.0, 1233, 6292.00, 'sqft', 1959, 965315.00, 'false', 'true', 'false', 'true', 'false'),
	(181, 181, 'Multi Family', 4.0, 2.0, 3774, 1015.00, 'sqft', 2000, 881277.00, 'false', 'true', 'true', 'false', 'false'),
	(182, 182, 'Multi Family', 4.0, 1.0, 3429, 7162.00, 'sqft', 2017, 333312.00, 'false', 'true', 'true', 'true', 'false'),
	(183, 183, 'Multi Family', 3.0, 4.0, 2322, 1995.00, 'sqft', 1993, 721080.00, 'false', 'false', 'true', 'true', 'false'),
	(184, 184, 'Condo', 1.0, 2.0, 842, 2172.00, 'sqft', 2017, 881546.00, 'false', 'true', 'false', 'false', 'false'),
	(185, 185, 'Townhouse', 2.0, 4.0, 1841, 6605.00, 'sqft', 2015, 666959.00, 'true', 'false', 'false', 'true', 'false'),
	(186, 186, 'Townhouse', 1.0, 4.0, 1769, 5522.00, 'sqft', 1968, 618533.00, 'false', 'true', 'false', 'true', 'false'),
	(187, 187, 'Apartment', 4.0, 2.0, 807, 7388.00, 'sqft', 1975, 973702.00, 'false', 'false', 'true', 'false', 'false'),
	(188, 188, 'Apartment', 4.0, 1.0, 2908, 4411.00, 'sqft', 1971, 305400.00, 'false', 'true', 'true', 'false', 'false'),
	(189, 189, 'Apartment', 2.0, 2.0, 3794, 8128.00, 'sqft', 1951, 546064.00, 'false', 'false', 'true', 'false', 'false'),
	(190, 190, 'Townhouse', 2.0, 4.0, 2959, 5645.00, 'sqft', 2006, 888440.00, 'false', 'true', 'false', 'false', 'false'),
	(191, 191, 'Townhouse', 4.0, 3.0, 3477, 5741.00, 'sqft', 2002, 525657.00, 'false', 'false', 'false', 'true', 'false'),
	(192, 192, 'Single Family', 5.0, 1.0, 2497, 4564.00, 'sqft', 1973, 507785.00, 'false', 'true', 'false', 'false', 'false'),
	(193, 193, 'Townhouse', 1.0, 2.0, 3720, 8485.00, 'sqft', 1979, 974024.00, 'true', 'true', 'true', 'false', 'false'),
	(194, 194, 'Townhouse', 1.0, 4.0, 3072, 8017.00, 'sqft', 2010, 411347.00, 'false', 'true', 'true', 'false', 'false'),
	(195, 195, 'Condo', 1.0, 4.0, 1675, 5128.00, 'sqft', 1983, 824914.00, 'false', 'true', 'false', 'false', 'false'),
	(196, 196, 'Single Family', 1.0, 4.0, 3130, 2376.00, 'sqft', 1959, 936340.00, 'true', 'false', 'false', 'true', 'false'),
	(197, 197, 'Townhouse', 2.0, 2.0, 963, 8073.00, 'sqft', 1977, 696798.00, 'false', 'true', 'false', 'false', 'false'),
	(198, 198, 'Single Family', 4.0, 3.0, 1265, 6783.00, 'sqft', 2001, 998216.00, 'false', 'false', 'false', 'false', 'false'),
	(199, 199, 'Apartment', 1.0, 4.0, 3058, 5428.00, 'sqft', 1972, 850760.00, 'false', 'true', 'true', 'true', 'true'),
	(200, 200, 'Apartment', 3.0, 2.0, 1341, 1524.00, 'sqft', 1953, 271475.00, 'false', 'true', 'true', 'false', 'false');

INSERT INTO "listings" ("listing_id", "property_id", "agent_id", "status", "price", "zestimate", "rent_zestimate", "days_on_listing", "listing_date", "last_sold_date", "is_showcase_listing") VALUES
	(4, 4, 171, 'For rent', 4649.39, 546419.68, 3593.08, 298, '2025-04-29 23:17:42.660361', NULL, 'false'),
	(5, 5, 177, 'For rent', 7692.55, 867160.28, 5549.83, 0, '2025-12-09 12:19:30.477001', NULL, 'false'),
	(6, 6, 142, 'For rent', 5352.54, 630000.85, 5148.16, 320, '2025-09-21 02:50:29.973832', NULL, 'true'),
	(7, 7, 121, 'For sale', 163195.92, 148978.48, NULL, 122, '2025-09-27 21:52:53.14835', NULL, 'false'),
	(9, 9, 86, 'For sale', 144987.77, 125332.36, NULL, 209, '2025-08-09 01:02:43.783816', NULL, 'false'),
	(10, 10, 142, 'For rent', 2473.61, 500926.33, 4050.38, 179, '2025-08-08 14:48:39.050199', NULL, 'true'),
	(12, 12, 189, 'For sale', 480318.99, 516912.09, NULL, 302, '2025-04-21 21:10:24.395792', NULL, 'true'),
	(13, 13, 18, 'Off market', 1178903.00, 824068.32, NULL, 314, '2025-04-20 13:00:33.717237', NULL, 'false'),
	(14, 14, 138, 'For rent', 5176.33, 648990.38, 3954.78, 266, '2025-08-25 03:26:52.800555', NULL, 'false'),
	(15, 15, 128, 'For sale', 259305.69, 274706.72, NULL, 328, '2025-09-04 08:33:01.658317', NULL, 'false'),
	(16, 16, 23, 'Under contract', 937115.69, 866592.74, NULL, 234, '2025-08-02 10:07:01.180316', NULL, 'false'),
	(18, 18, 190, 'For rent', 3479.78, 512110.86, 4372.18, 177, '2025-11-08 03:12:06.639335', NULL, 'false'),
	(19, 19, 136, 'Under contract', 209817.56, 224553.93, NULL, 133, '2026-01-08 22:53:28.714222', NULL, 'false'),
	(23, 23, 133, 'For sale', 892409.84, 816219.69, NULL, 272, '2025-08-25 02:21:19.820977', NULL, 'false'),
	(24, 24, 61, 'For rent', 3357.84, 447983.15, 3365.06, 120, '2025-12-22 03:02:26.299688', NULL, 'false'),
	(25, 25, 123, 'For sale', 279127.03, 257294.30, NULL, 196, '2025-09-27 21:19:09.447618', NULL, 'false'),
	(28, 28, 158, 'For sale', 676969.02, 560896.30, NULL, 131, '2026-02-24 16:07:16.859934', NULL, 'false'),
	(29, 29, 118, 'Under contract', 768156.23, 818360.67, NULL, 307, '2026-03-18 06:00:49.391543', NULL, 'false'),
	(31, 31, 85, 'For rent', 5598.65, 1021165.68, 8303.10, 254, '2025-10-10 15:23:42.954536', NULL, 'false'),
	(33, 33, 181, 'For sale', 693398.38, 738549.06, NULL, 33, '2025-05-19 23:51:35.144372', NULL, 'false'),
	(35, 35, 127, 'For rent', 4593.56, 776859.52, 4226.39, 344, '2025-10-05 09:10:07.112033', NULL, 'false'),
	(39, 39, 27, 'Off market', 186599.51, 142439.01, NULL, 44, '2025-09-18 11:54:07.632608', NULL, 'false'),
	(40, 40, 116, 'Under contract', 403809.55, 447144.23, NULL, 126, '2026-02-20 09:47:00.163131', NULL, 'false'),
	(42, 42, 101, 'Under contract', 878739.09, 711288.92, NULL, 263, '2025-08-04 09:57:25.618722', NULL, 'false'),
	(43, 43, 7, 'Under contract', 793462.92, 767618.99, NULL, 85, '2025-12-16 10:24:50.551021', NULL, 'false'),
	(44, 44, 48, 'Under contract', 831498.59, 816316.33, NULL, 87, '2025-12-23 19:01:10.186603', NULL, 'true'),
	(47, 47, 149, 'Under contract', 1075798.44, 981161.47, NULL, 76, '2025-07-27 02:41:52.04864', NULL, 'true'),
	(50, 50, 42, 'For rent', 2205.90, 421695.96, 2565.30, 33, '2025-11-16 13:49:44.578498', NULL, 'false'),
	(51, 51, 161, 'For sale', 338740.25, 292791.60, NULL, 96, '2025-06-02 07:27:40.188415', NULL, 'true'),
	(54, 54, 26, 'Under contract', 118256.11, 116259.44, NULL, 269, '2025-12-30 21:20:07.4563', NULL, 'false'),
	(55, 55, 144, 'For sale', 240329.34, 263740.17, NULL, 148, '2025-08-29 00:44:51.286956', NULL, 'true'),
	(59, 59, 80, 'For rent', 6064.18, 831210.28, 4788.26, 277, '2026-03-14 09:05:28.462625', NULL, 'false'),
	(60, 60, 26, 'Under contract', 490096.52, 470843.08, NULL, 225, '2025-06-03 12:35:02.91554', NULL, 'false'),
	(61, 61, 49, 'For rent', 732.83, 104429.26, 604.68, 14, '2026-02-01 12:34:52.844232', NULL, 'true'),
	(62, 62, 170, 'For rent', 6406.31, 895661.03, 7080.61, 197, '2025-09-13 11:54:51.16451', NULL, 'false'),
	(63, 63, 119, 'For rent', 3978.11, 617404.91, 4935.93, 13, '2025-05-13 14:57:24.249807', NULL, 'false'),
	(64, 64, 76, 'Under contract', 568452.44, 629382.74, NULL, 216, '2025-10-13 09:03:07.925029', NULL, 'false'),
	(65, 65, 141, 'Under contract', 552564.08, 367528.83, NULL, 125, '2025-07-19 12:22:44.278366', NULL, 'false'),
	(71, 71, 199, 'Under contract', 908883.69, 620088.07, NULL, 133, '2025-06-18 22:33:30.130494', NULL, 'true'),
	(74, 74, 171, 'Under contract', 544155.78, 385208.61, NULL, 357, '2026-03-05 07:13:20.762268', NULL, 'false'),
	(75, 75, 169, 'For sale', 216817.79, 173147.39, NULL, 207, '2025-12-13 14:22:53.93912', NULL, 'false'),
	(76, 76, 36, 'Off market', 996121.15, 697303.84, NULL, 317, '2025-06-21 02:19:58.757914', NULL, 'false'),
	(78, 78, 81, 'Off market', 1044306.32, 771455.48, NULL, 360, '2026-03-16 02:17:40.515596', NULL, 'false'),
	(79, 79, 143, 'Under contract', 349118.03, 323302.50, NULL, 177, '2026-03-30 13:24:41.366093', NULL, 'false'),
	(81, 81, 116, 'Under contract', 592699.79, 668029.23, NULL, 99, '2025-11-30 21:07:54.849476', NULL, 'false'),
	(82, 82, 200, 'Under contract', 214012.54, 227182.35, NULL, 323, '2026-01-06 16:14:25.577993', NULL, 'false'),
	(83, 83, 143, 'Under contract', 1118768.93, 962704.62, NULL, 153, '2025-08-29 09:34:06.24761', NULL, 'true'),
	(84, 84, 30, 'Under contract', 903214.40, 785391.69, NULL, 322, '2025-06-03 11:38:41.934379', NULL, 'false'),
	(91, 91, 168, 'Under contract', 1100810.48, 719129.53, NULL, 361, '2025-05-21 04:40:36.467933', NULL, 'false'),
	(92, 92, 51, 'Off market', 709017.29, 700605.76, NULL, 264, '2025-07-01 15:50:06.040022', NULL, 'false'),
	(93, 93, 5, 'Under contract', 954611.75, 752113.63, NULL, 108, '2025-09-02 10:33:04.258297', NULL, 'false'),
	(94, 94, 166, 'Under contract', 690389.28, 766568.52, NULL, 299, '2026-03-07 15:58:47.579547', NULL, 'false'),
	(95, 95, 79, 'Under contract', 435930.12, 385635.60, NULL, 11, '2025-05-09 19:38:42.468111', NULL, 'true'),
	(96, 96, 163, 'For sale', 1216597.64, 890460.43, NULL, 265, '2026-03-14 11:57:30.189667', NULL, 'true'),
	(99, 99, 193, 'For rent', 1738.42, 319152.26, 1716.53, 267, '2025-04-20 19:11:12.708698', NULL, 'false'),
	(100, 100, 6, 'For sale', 1073451.69, 796382.32, NULL, 337, '2025-08-24 11:06:56.132916', NULL, 'true'),
	(101, 101, 185, 'Off market', 751220.52, 656286.28, NULL, 112, '2025-10-04 10:12:16.305568', NULL, 'false'),
	(102, 102, 62, 'Off market', 289261.83, 238818.54, NULL, 7, '2025-08-06 16:04:07.333693', NULL, 'false'),
	(104, 104, 85, 'For rent', 2587.64, 362920.73, 2148.94, 66, '2026-01-03 21:59:13.472468', NULL, 'true'),
	(106, 106, 50, 'For rent', 1514.13, 161366.48, 1104.55, 79, '2025-06-16 05:59:32.732086', NULL, 'false'),
	(107, 107, 46, 'For sale', 598997.25, 486828.16, NULL, 59, '2025-06-21 17:12:05.419373', NULL, 'false'),
	(109, 109, 115, 'For rent', 2233.36, 376201.42, 2495.70, 292, '2025-12-02 14:50:44.396967', NULL, 'false'),
	(110, 110, 190, 'Under contract', 153164.34, 181401.99, NULL, 0, '2025-05-07 01:49:20.723926', NULL, 'false'),
	(111, 111, 199, 'Off market', 198283.25, 203927.38, NULL, 279, '2025-06-03 14:05:49.255946', NULL, 'false'),
	(112, 112, 16, 'Off market', 317703.77, 295557.16, NULL, 189, '2025-10-14 19:02:08.389421', NULL, 'false'),
	(115, 115, 144, 'For sale', 1305439.63, 963913.45, NULL, 256, '2026-03-31 16:14:40.599319', NULL, 'false'),
	(116, 116, 196, 'Off market', 383492.20, 348467.52, NULL, 330, '2025-09-10 03:47:09.024612', NULL, 'false'),
	(118, 118, 175, 'For sale', 436941.82, 412602.68, NULL, 118, '2025-12-13 22:35:41.836581', NULL, 'false'),
	(119, 119, 78, 'Under contract', 329971.92, 328293.54, NULL, 122, '2025-06-12 20:18:43.180766', NULL, 'false'),
	(121, 121, 54, 'Under contract', 1405949.45, 998335.05, NULL, 81, '2025-12-31 16:15:44.739202', NULL, 'false'),
	(126, 126, 78, 'Under contract', 528003.93, 559360.60, NULL, 162, '2025-08-22 11:52:50.633859', NULL, 'true'),
	(130, 130, 42, 'For rent', 3134.31, 589658.74, 4859.60, 164, '2025-08-05 13:10:46.986453', NULL, 'false'),
	(133, 133, 107, 'For sale', 179650.48, 163656.24, NULL, 56, '2025-04-27 03:13:43.366708', NULL, 'false'),
	(135, 135, 15, 'For rent', 1214.65, 186827.47, 1166.19, 277, '2025-10-09 16:02:18.695846', NULL, 'false'),
	(136, 136, 192, 'Off market', 528765.86, 429546.04, NULL, 109, '2025-11-19 14:20:21.377541', NULL, 'false'),
	(138, 138, 186, 'For rent', 6363.26, 967058.66, 7429.94, 186, '2025-12-16 16:45:21.440348', NULL, 'false'),
	(139, 139, 51, 'For rent', 1610.62, 196944.51, 1286.60, 253, '2026-04-03 23:55:40.611969', NULL, 'false'),
	(140, 140, 174, 'For rent', 1081.69, 180774.43, 1362.14, 273, '2026-04-01 04:15:03.984528', NULL, 'false'),
	(141, 141, 107, 'Under contract', 359038.55, 315191.37, NULL, 225, '2025-12-31 22:07:34.064981', NULL, 'false'),
	(145, 145, 173, 'For rent', 1897.16, 252982.29, 1715.28, 171, '2025-11-09 02:45:45.955354', NULL, 'false'),
	(149, 149, 38, 'For sale', 785376.82, 799905.39, NULL, 161, '2025-05-20 04:00:41.692017', NULL, 'false'),
	(150, 150, 171, 'For rent', 3654.65, 493250.72, 2659.03, 337, '2025-08-20 23:57:55.469123', NULL, 'false'),
	(152, 152, 133, 'Off market', 277739.28, 320834.31, NULL, 6, '2025-11-08 05:35:31.380125', NULL, 'true'),
	(154, 154, 128, 'For sale', 571769.86, 413005.07, NULL, 227, '2025-04-17 13:11:40.476875', NULL, 'true'),
	(155, 155, 156, 'Under contract', 1339648.85, 980666.30, NULL, 99, '2026-02-02 08:43:45.454905', NULL, 'false'),
	(156, 156, 169, 'For sale', 163593.87, 141770.30, NULL, 60, '2025-06-26 02:17:04.066728', NULL, 'false'),
	(160, 160, 177, 'Under contract', 453091.40, 378599.70, NULL, 128, '2025-04-20 02:50:29.077391', NULL, 'false'),
	(163, 163, 168, 'For sale', 729297.04, 750100.41, NULL, 139, '2025-04-12 10:15:51.806062', NULL, 'false'),
	(165, 165, 31, 'Off market', 938094.89, 814150.50, NULL, 19, '2026-01-13 10:24:16.647281', NULL, 'false'),
	(167, 167, 156, 'For rent', 1883.10, 331617.40, 2261.71, 104, '2025-07-26 20:17:02.908549', NULL, 'false'),
	(168, 168, 161, 'Off market', 913381.17, 733420.93, NULL, 238, '2025-07-06 06:49:34.478964', NULL, 'true'),
	(170, 170, 167, 'Under contract', 381464.61, 289205.15, NULL, 126, '2025-08-27 09:18:49.17839', NULL, 'false'),
	(171, 171, 15, 'Off market', 230693.91, 196371.80, NULL, 36, '2025-12-16 15:13:11.141239', NULL, 'false'),
	(172, 172, 135, 'Under contract', 1156976.78, 951170.76, NULL, 145, '2025-09-25 00:32:06.928687', NULL, 'false'),
	(173, 173, 24, 'For sale', 276075.18, 230460.15, NULL, 189, '2025-11-23 01:16:27.486351', NULL, 'false'),
	(179, 179, 2, 'Off market', 520265.92, 555398.74, NULL, 234, '2025-05-01 01:45:30.270843', NULL, 'false'),
	(180, 180, 139, 'Off market', 1245864.32, 975851.69, NULL, 231, '2026-01-13 03:57:00.929043', NULL, 'false'),
	(181, 181, 1, 'For rent', 7845.83, 863004.96, 5169.70, 16, '2025-05-10 03:11:43.561968', NULL, 'false'),
	(182, 182, 4, 'For rent', 1916.02, 348259.02, 2001.23, 249, '2025-04-24 18:43:08.453619', NULL, 'false'),
	(183, 183, 166, 'For sale', 697595.83, 774301.66, NULL, 345, '2025-05-21 11:54:36.357809', NULL, 'false'),
	(186, 186, 121, 'For rent', 5499.05, 590344.83, 4879.97, 36, '2025-04-14 15:14:21.680063', NULL, 'false'),
	(187, 187, 7, 'Under contract', 905716.78, 1004748.56, NULL, 58, '2026-01-05 03:23:02.065724', NULL, 'false'),
	(188, 188, 13, 'For rent', 2806.12, 320182.78, 1862.22, 139, '2025-06-24 10:23:10.336267', NULL, 'false'),
	(191, 191, 142, 'For rent', 3130.58, 566931.47, 2765.78, 58, '2025-08-19 19:59:43.261889', NULL, 'false'),
	(192, 192, 29, 'For sale', 506605.53, 521016.17, NULL, 257, '2025-05-17 17:44:02.082851', NULL, 'false'),
	(194, 194, 77, 'Off market', 594662.49, 408139.73, NULL, 277, '2025-04-23 22:08:35.906475', NULL, 'true'),
	(196, 196, 151, 'For rent', 6066.00, 1024082.80, 5311.66, 56, '2025-07-10 11:26:32.85733', NULL, 'false'),
	(198, 198, 66, 'For rent', 7943.21, 1069796.45, 7755.37, 92, '2025-08-11 14:03:34.502995', NULL, 'false'),
	(199, 199, 194, 'Under contract', 1219445.88, 862204.91, NULL, 274, '2025-06-05 06:12:40.22783', NULL, 'false'),
	(200, 200, 60, 'For sale', 287708.71, 273410.88, NULL, 215, '2025-12-18 22:21:29.602073', NULL, 'false'),
	(1, 1, 171, 'Rented', 2808.44, 397829.08, 2493.32, 194, '2025-06-12 01:04:05.539934', '2029-02-15', 'false'),
	(2, 2, 142, 'Sold', 1098702.57, 1006075.10, NULL, 356, '2026-02-06 07:38:32.396747', '2028-04-08', 'false'),
	(3, 3, 128, 'Rented', 2383.68, 261193.57, 1688.75, 140, '2026-02-28 13:23:11.968096', '2026-08-17', 'true'),
	(8, 8, 127, 'Rented', 1925.92, 238205.53, 1652.05, 65, '2026-02-02 08:45:26.870746', '2027-10-29', 'false'),
	(11, 11, 9, 'Rented', 2817.90, 404140.68, 2610.67, 141, '2026-04-03 07:37:55.083709', '2029-04-15', 'false'),
	(17, 17, 4, 'Sold', 811006.45, 585138.45, NULL, 216, '2026-02-19 00:57:23.034091', '2026-12-02', 'false'),
	(20, 20, 113, 'Sold', 804127.60, 547633.26, NULL, 11, '2026-03-29 01:24:28.911411', '2026-07-20', 'false'),
	(21, 21, 133, 'Sold', 882370.20, 781868.16, NULL, 65, '2025-11-22 20:27:36.145426', '2029-07-29', 'false'),
	(22, 22, 146, 'Rented', 4253.10, 731245.80, 5947.65, 106, '2025-10-27 16:31:04.950386', '2029-07-07', 'true'),
	(26, 26, 143, 'Rented', 6101.89, 700617.48, 5648.54, 316, '2026-04-07 15:42:38.551608', '2030-11-19', 'false'),
	(27, 27, 152, 'Rented', 4455.49, 698806.96, 4289.19, 130, '2025-10-05 16:51:22.607915', '2030-03-26', 'true'),
	(30, 30, 49, 'Rented', 5642.48, 591612.74, 3223.72, 21, '2025-07-10 04:59:43.696708', '2026-12-15', 'false'),
	(32, 32, 191, 'Rented', 7495.92, 862870.76, 5464.07, 252, '2026-01-30 10:21:36.930967', '2029-03-29', 'false'),
	(34, 34, 53, 'Sold', 170414.73, 155383.07, NULL, 207, '2025-09-28 03:33:16.179685', '2029-09-24', 'false'),
	(36, 36, 32, 'Sold', 525595.06, 464175.94, NULL, 166, '2026-03-02 13:29:33.860087', '2030-03-04', 'false'),
	(37, 37, 20, 'Rented', 5738.95, 765751.91, 5556.91, 102, '2025-06-11 23:42:35.280627', '2028-12-11', 'false'),
	(38, 38, 4, 'Sold', 372841.07, 380562.18, NULL, 178, '2025-06-24 08:54:21.630369', '2028-08-04', 'false'),
	(41, 41, 152, 'Rented', 4044.78, 416664.54, 2589.10, 71, '2026-01-20 00:56:21.571397', '2028-05-29', 'true'),
	(45, 45, 53, 'Rented', 4926.46, 1007061.67, 5386.65, 162, '2025-10-28 03:26:52.250612', '2031-01-11', 'false'),
	(46, 46, 193, 'Rented', 4962.69, 906937.28, 5385.88, 259, '2025-06-15 13:54:59.219956', '2030-07-27', 'false'),
	(48, 48, 84, 'Rented', 5149.55, 762674.66, 5918.06, 18, '2025-08-15 08:13:01.449907', '2027-11-11', 'false'),
	(49, 49, 83, 'Sold', 484926.83, 397469.22, NULL, 331, '2025-07-26 22:42:17.930047', '2028-05-26', 'true'),
	(52, 52, 18, 'Sold', 813070.91, 796416.66, NULL, 126, '2025-09-10 05:12:22.883985', '2029-03-30', 'false'),
	(53, 53, 167, 'Rented', 8917.71, 980528.55, 7222.04, 16, '2026-03-27 10:53:55.455242', '2026-08-18', 'false'),
	(56, 56, 55, 'Rented', 7033.97, 917628.53, 5297.40, 297, '2025-10-30 18:00:57.428393', '2028-08-24', 'false'),
	(57, 57, 49, 'Sold', 154960.42, 135814.73, NULL, 117, '2026-02-16 21:38:58.243584', '2029-07-17', 'false'),
	(58, 58, 192, 'Rented', 2158.94, 466266.70, 3829.65, 143, '2025-12-23 03:30:43.760684', '2029-02-09', 'false'),
	(66, 66, 77, 'Rented', 4586.47, 571450.35, 4158.19, 147, '2026-02-16 13:55:00.401756', '2030-10-30', 'false'),
	(67, 67, 49, 'Sold', 158216.71, 168113.67, NULL, 249, '2025-07-19 05:04:56.494288', '2026-04-20', 'false'),
	(68, 68, 176, 'Sold', 913971.99, 760544.34, NULL, 58, '2025-11-11 12:44:35.425075', '2028-10-30', 'false'),
	(69, 69, 130, 'Rented', 5411.68, 739464.57, 4898.61, 235, '2025-09-21 09:48:20.362467', '2027-12-19', 'false'),
	(70, 70, 105, 'Rented', 5078.89, 735810.92, 5613.12, 29, '2026-03-03 12:16:25.35106', '2028-12-11', 'false'),
	(72, 72, 57, 'Rented', 5762.28, 959066.50, 6572.72, 72, '2025-12-20 22:29:12.972144', '2030-09-10', 'false'),
	(73, 73, 130, 'Rented', 1320.42, 211816.32, 1644.19, 275, '2026-02-04 13:36:18.751744', '2028-08-04', 'false'),
	(77, 77, 8, 'Sold', 827579.87, 843732.46, NULL, 216, '2025-07-14 08:14:06.010059', '2030-10-07', 'false'),
	(80, 80, 184, 'Sold', 806210.54, 539471.32, NULL, 297, '2025-12-29 15:19:19.052797', '2031-02-09', 'false'),
	(85, 85, 118, 'Sold', 486805.06, 411705.52, NULL, 35, '2025-09-03 18:38:51.046901', '2030-02-23', 'false'),
	(86, 86, 103, 'Sold', 512114.37, 365826.02, NULL, 1, '2026-03-03 16:04:37.802258', '2026-09-12', 'false'),
	(87, 87, 98, 'Sold', 855731.14, 830981.98, NULL, 166, '2025-06-24 02:43:02.349601', '2030-11-13', 'false'),
	(88, 88, 42, 'Rented', 4133.14, 858996.90, 6337.18, 351, '2026-03-20 21:59:58.586992', '2030-04-01', 'true'),
	(89, 89, 27, 'Sold', 842720.68, 731800.65, NULL, 178, '2025-06-25 17:52:07.725393', '2029-10-25', 'false'),
	(90, 90, 30, 'Rented', 3932.26, 471943.51, 4048.85, 309, '2025-07-21 13:28:18.556289', '2030-11-01', 'true'),
	(97, 97, 160, 'Sold', 267222.98, 275346.08, NULL, 199, '2026-01-16 00:08:54.141617', '2030-09-02', 'false'),
	(98, 98, 138, 'Sold', 872860.71, 1004003.99, NULL, 263, '2025-11-20 13:05:11.007906', '2028-06-15', 'false'),
	(103, 103, 39, 'Rented', 3488.21, 350356.96, 1917.05, 188, '2025-07-20 04:30:12.913974', '2026-07-01', 'false'),
	(105, 105, 42, 'Rented', 5689.61, 876874.39, 6171.82, 257, '2025-05-11 22:09:17.214169', '2028-02-11', 'false'),
	(108, 108, 110, 'Sold', 376837.03, 398369.69, NULL, 27, '2026-02-16 10:23:51.613023', '2029-11-19', 'false'),
	(113, 113, 161, 'Sold', 818379.42, 841433.64, NULL, 114, '2025-08-27 18:47:08.995182', '2030-03-11', 'false'),
	(114, 114, 43, 'Sold', 282597.68, 230238.71, NULL, 185, '2025-10-13 14:15:41.893781', '2026-11-23', 'false'),
	(117, 117, 69, 'Rented', 6450.70, 774967.09, 5468.65, 2, '2025-10-05 10:04:29.584087', '2027-10-30', 'false'),
	(120, 120, 38, 'Sold', 359408.81, 293017.44, NULL, 183, '2025-11-15 15:55:57.796595', '2029-10-26', 'true'),
	(122, 122, 13, 'Rented', 975.74, 142755.48, 1125.57, 202, '2025-09-04 16:03:49.140757', '2028-12-21', 'false'),
	(123, 123, 126, 'Rented', 6267.93, 970050.92, 6567.18, 239, '2026-04-07 17:26:03.182367', '2028-08-01', 'false'),
	(124, 124, 4, 'Rented', 2847.05, 366321.75, 3004.09, 241, '2026-01-22 09:41:56.622568', '2030-07-27', 'false'),
	(125, 125, 7, 'Sold', 449626.90, 520066.86, NULL, 296, '2025-05-10 01:10:15.708545', '2030-01-17', 'false'),
	(127, 127, 145, 'Rented', 3804.36, 501003.54, 2617.90, 202, '2026-03-05 21:19:25.237971', '2026-05-04', 'false'),
	(128, 128, 142, 'Rented', 4551.56, 507628.24, 2416.04, 6, '2025-08-04 20:15:27.47442', '2029-06-28', 'false'),
	(129, 129, 37, 'Rented', 801.35, 123464.16, 947.82, 161, '2025-11-04 17:38:18.242061', '2026-10-08', 'false'),
	(131, 131, 11, 'Rented', 4695.89, 785267.13, 5896.56, 221, '2025-10-22 16:14:28.68998', '2027-03-23', 'false'),
	(132, 132, 156, 'Sold', 506356.18, 502382.74, NULL, 159, '2025-05-03 03:10:49.448862', '2030-05-02', 'false'),
	(134, 134, 168, 'Rented', 4892.62, 850903.93, 7163.80, 159, '2025-08-31 06:41:41.173756', '2028-04-26', 'false'),
	(137, 137, 117, 'Rented', 5498.64, 699244.96, 6106.07, 38, '2025-04-20 00:04:09.882289', '2030-04-15', 'false'),
	(142, 142, 86, 'Rented', 3629.53, 674755.12, 4300.65, 203, '2025-05-25 17:37:27.410888', '2030-12-05', 'false'),
	(143, 143, 84, 'Sold', 291347.41, 188901.10, NULL, 3, '2026-01-09 09:25:04.058887', '2028-03-07', 'false'),
	(144, 144, 165, 'Rented', 4236.77, 416746.56, 3004.27, 240, '2026-03-31 18:36:10.384807', '2029-01-31', 'false'),
	(146, 146, 28, 'Rented', 4192.32, 474569.06, 4196.63, 119, '2025-07-20 07:48:53.205871', '2027-05-07', 'false'),
	(147, 147, 74, 'Rented', 9067.69, 939055.50, 8094.72, 179, '2026-01-11 10:53:52.995774', '2030-09-14', 'false'),
	(148, 148, 112, 'Sold', 1346418.53, 895595.62, NULL, 128, '2025-11-03 07:36:01.787522', '2029-10-05', 'false'),
	(151, 151, 188, 'Sold', 169399.09, 129764.36, NULL, 3, '2025-11-26 08:47:10.101556', '2028-08-31', 'false'),
	(153, 153, 103, 'Sold', 695032.43, 540383.36, NULL, 351, '2026-04-05 16:57:37.475967', '2028-04-11', 'false'),
	(157, 157, 89, 'Rented', 3417.49, 469943.95, 3226.57, 162, '2026-02-02 20:45:27.122763', '2030-11-24', 'false'),
	(158, 158, 17, 'Sold', 825540.98, 640327.87, NULL, 362, '2026-03-12 02:56:56.678049', '2028-04-26', 'false'),
	(159, 159, 75, 'Rented', 3176.19, 624157.21, 4400.30, 62, '2026-03-10 14:13:07.958143', '2027-11-15', 'false'),
	(161, 161, 51, 'Sold', 138725.99, 113839.74, NULL, 239, '2025-07-10 19:39:10.464962', '2030-02-17', 'false'),
	(162, 162, 85, 'Sold', 1231523.57, 835202.07, NULL, 118, '2026-01-03 22:10:55.135799', '2029-01-30', 'true'),
	(164, 164, 78, 'Rented', 2009.93, 402545.04, 2311.63, 338, '2025-04-15 22:10:43.04419', '2028-02-04', 'false'),
	(166, 166, 155, 'Rented', 6804.09, 795995.30, 5074.34, 151, '2026-02-26 00:56:51.836475', '2026-04-20', 'false'),
	(169, 169, 34, 'Rented', 4362.69, 489128.66, 2994.35, 243, '2025-07-09 02:38:49.711182', '2028-07-21', 'false'),
	(174, 174, 144, 'Rented', 3353.28, 378007.10, 2753.92, 330, '2025-06-10 23:35:47.112327', '2026-11-09', 'false'),
	(175, 175, 41, 'Sold', 1365062.27, 937971.43, NULL, 141, '2026-02-10 16:43:19.755161', '2030-02-10', 'false'),
	(176, 176, 147, 'Sold', 1083232.09, 875661.00, NULL, 329, '2025-05-23 20:07:14.530376', '2027-09-11', 'false'),
	(177, 177, 181, 'Rented', 5208.20, 681392.29, 3653.16, 340, '2026-02-28 23:20:10.684294', '2030-10-17', 'false'),
	(178, 178, 38, 'Rented', 4334.09, 535253.45, 3968.81, 347, '2025-05-22 10:46:25.914892', '2026-07-20', 'false'),
	(184, 184, 118, 'Sold', 810050.15, 925949.73, NULL, 363, '2025-08-13 07:30:29.164399', '2026-08-24', 'false'),
	(185, 185, 156, 'Rented', 6074.69, 689027.89, 3359.92, 187, '2026-03-18 14:30:15.399463', '2030-05-25', 'false'),
	(189, 189, 75, 'Sold', 504164.15, 553283.18, NULL, 178, '2025-07-03 02:51:28.446121', '2029-07-27', 'false'),
	(190, 190, 24, 'Rented', 5601.34, 954488.48, 5489.47, 76, '2025-10-01 01:25:33.608327', '2027-06-12', 'true'),
	(193, 193, 165, 'Sold', 902456.45, 1018658.19, NULL, 189, '2025-07-17 14:46:14.732815', '2030-04-15', 'false'),
	(195, 195, 121, 'Rented', 4821.95, 881449.90, 4211.61, 124, '2025-10-21 22:13:01.085844', '2031-02-06', 'false'),
	(197, 197, 3, 'Rented', 3622.95, 668509.03, 6012.65, 78, '2025-08-27 06:55:12.267541', '2030-06-13', 'false');

INSERT INTO "price_history" ("history_id", "listing_id", "old_price", "new_price", "date") VALUES
	(1, 1, 2612.39, 2808.44, '2025-06-30 12:04:59.866463'),
	(2, 2, 966633.19, 1098702.57, '2026-02-11 16:21:40.985333'),
	(3, 3, 2199.77, 2383.68, '2026-03-02 15:14:22.337647'),
	(4, 4, 4111.23, 4649.39, '2025-05-07 18:37:18.041013'),
	(5, 5, 7023.64, 7692.55, '2026-01-01 07:59:14.198089'),
	(6, 6, 4695.16, 5352.54, '2025-09-23 18:42:53.381331'),
	(7, 7, 154889.39, 163195.92, '2025-10-11 14:48:39.20677'),
	(8, 8, 1780.81, 1925.92, '2026-02-28 08:48:00.070384'),
	(9, 9, 134999.40, 144987.77, '2025-08-24 05:46:11.259376'),
	(10, 10, 2347.18, 2473.61, '2025-08-31 20:53:02.715549'),
	(11, 11, 2452.88, 2817.90, '2026-04-21 07:33:19.170868'),
	(12, 12, 448648.98, 480318.99, '2025-05-12 16:29:19.583476'),
	(13, 13, 1069799.57, 1178903.00, '2025-05-06 04:51:43.508562'),
	(14, 14, 4459.87, 5176.33, '2025-09-08 18:50:51.058814'),
	(15, 15, 227800.90, 259305.69, '2025-09-18 19:20:57.384143'),
	(16, 16, 882718.67, 937115.69, '2025-08-25 19:02:41.99569'),
	(17, 17, 748102.37, 811006.45, '2026-02-22 17:11:13.277727'),
	(18, 18, 3139.27, 3479.78, '2025-11-23 16:57:06.263109'),
	(19, 19, 190068.01, 209817.56, '2026-02-02 11:24:54.746741'),
	(20, 20, 703575.89, 804127.60, '2026-04-26 21:04:21.374945'),
	(21, 21, 786732.43, 882370.20, '2025-11-29 14:23:03.592723'),
	(22, 22, 3728.13, 4253.10, '2025-11-01 00:06:09.061905'),
	(23, 23, 830891.17, 892409.84, '2025-09-15 21:23:25.143472'),
	(24, 24, 3062.62, 3357.84, '2026-01-08 05:08:30.835008'),
	(25, 25, 257589.88, 279127.03, '2025-10-07 09:19:48.401165'),
	(26, 26, 5257.37, 6101.89, '2026-04-08 20:15:38.657294'),
	(27, 27, 3931.00, 4455.49, '2025-10-16 23:01:12.648948'),
	(28, 28, 629710.79, 676969.02, '2026-03-15 21:38:05.532676'),
	(29, 29, 669756.55, 768156.23, '2026-04-06 07:45:58.182925'),
	(30, 30, 5131.78, 5642.48, '2025-07-14 09:23:25.64762'),
	(31, 31, 5139.79, 5598.65, '2025-10-16 23:34:25.435183'),
	(32, 32, 6613.10, 7495.92, '2026-02-08 08:25:23.643764'),
	(33, 33, 597455.97, 693398.38, '2025-06-12 01:25:43.738379'),
	(34, 34, 148855.86, 170414.73, '2025-10-20 21:33:52.262236'),
	(35, 35, 4235.67, 4593.56, '2025-10-15 16:07:36.671017'),
	(36, 36, 485376.26, 525595.06, '2026-03-22 23:29:28.797856'),
	(37, 37, 5074.16, 5738.95, '2025-07-01 18:50:39.944251'),
	(38, 38, 319399.54, 372841.07, '2025-07-06 02:00:13.897022'),
	(39, 39, 172268.87, 186599.51, '2025-10-15 02:04:27.15202'),
	(40, 40, 365212.78, 403809.55, '2026-03-01 21:06:32.761581'),
	(41, 41, 3786.22, 4044.78, '2026-01-23 12:42:19.291062'),
	(42, 42, 800447.55, 878739.09, '2025-08-25 17:33:20.548944'),
	(43, 43, 747465.48, 793462.92, '2025-12-17 19:26:58.393878'),
	(44, 44, 780961.11, 831498.59, '2026-01-12 07:58:42.374754'),
	(45, 45, 4282.35, 4926.46, '2025-11-14 13:02:03.473132'),
	(46, 46, 4305.47, 4962.69, '2025-07-09 17:22:59.35143'),
	(47, 47, 1006802.75, 1075798.44, '2025-08-16 04:54:37.842867'),
	(48, 48, 4813.83, 5149.55, '2025-08-18 22:56:52.416175'),
	(49, 49, 426805.43, 484926.83, '2025-07-30 19:35:01.546035'),
	(50, 50, 1885.16, 2205.90, '2025-11-21 18:46:53.038057'),
	(51, 51, 309969.59, 338740.25, '2025-06-12 12:32:13.89901'),
	(52, 52, 691507.44, 813070.91, '2025-09-30 12:33:33.631639'),
	(53, 53, 8237.73, 8917.71, '2026-04-16 00:55:36.955277'),
	(54, 54, 102344.05, 118256.11, '2026-01-06 08:36:02.099722'),
	(55, 55, 211306.05, 240329.34, '2025-09-15 18:29:55.326884'),
	(56, 56, 6452.43, 7033.97, '2025-11-24 06:49:14.944262'),
	(57, 57, 140430.23, 154960.42, '2026-03-06 03:13:21.297068'),
	(58, 58, 2028.52, 2158.94, '2026-01-10 13:34:16.690184'),
	(59, 59, 5608.41, 6064.18, '2026-03-16 18:48:33.20575'),
	(60, 60, 433234.01, 490096.52, '2025-06-30 16:51:17.882274'),
	(61, 61, 645.00, 732.83, '2026-02-23 23:50:14.429798'),
	(62, 62, 6083.00, 6406.31, '2025-09-25 18:41:55.474181'),
	(63, 63, 3676.54, 3978.11, '2025-05-26 17:04:17.021995'),
	(64, 64, 502418.05, 568452.44, '2025-11-06 07:40:47.653738'),
	(65, 65, 513459.80, 552564.08, '2025-07-26 11:58:41.681995'),
	(66, 66, 4249.10, 4586.47, '2026-03-16 21:53:24.205219'),
	(67, 67, 142248.55, 158216.71, '2025-07-24 13:31:52.696247'),
	(68, 68, 784177.96, 913971.99, '2025-11-26 00:06:50.78183'),
	(69, 69, 4618.72, 5411.68, '2025-10-05 01:48:56.380234'),
	(70, 70, 4775.43, 5078.89, '2026-03-23 00:34:27.850269'),
	(71, 71, 839703.39, 908883.69, '2025-07-11 23:14:10.230884'),
	(72, 72, 5205.82, 5762.28, '2025-12-25 01:54:42.849348'),
	(73, 73, 1140.17, 1320.42, '2026-02-20 08:59:00.442849'),
	(74, 74, 489296.46, 544155.78, '2026-03-13 02:20:48.502453'),
	(75, 75, 197205.85, 216817.79, '2026-01-10 10:09:42.088147'),
	(76, 76, 870547.60, 996121.15, '2025-07-18 14:41:58.285777'),
	(77, 77, 725636.43, 827579.87, '2025-08-10 11:48:11.270348'),
	(78, 78, 922240.36, 1044306.32, '2026-03-27 16:02:14.682062'),
	(79, 79, 324525.07, 349118.03, '2026-04-21 00:39:20.047398'),
	(80, 80, 756393.93, 806210.54, '2026-01-09 14:28:02.785148'),
	(81, 81, 507297.90, 592699.79, '2025-12-01 08:21:37.026938'),
	(82, 82, 189826.96, 214012.54, '2026-02-04 08:42:50.871659'),
	(83, 83, 982353.02, 1118768.93, '2025-09-21 07:34:32.114624'),
	(84, 84, 787252.48, 903214.40, '2025-06-20 18:06:42.267937'),
	(85, 85, 430930.65, 486805.06, '2025-09-11 23:43:12.364659'),
	(86, 86, 476401.94, 512114.37, '2026-03-24 16:30:08.536459'),
	(87, 87, 759407.78, 855731.14, '2025-07-03 08:07:21.808138'),
	(88, 88, 3804.74, 4133.14, '2026-04-02 22:35:29.14773'),
	(89, 89, 754160.36, 842720.68, '2025-07-20 19:10:42.746889'),
	(90, 90, 3484.59, 3932.26, '2025-07-27 00:47:46.824489'),
	(91, 91, 967920.51, 1100810.48, '2025-06-17 17:58:52.614809'),
	(92, 92, 666097.08, 709017.29, '2025-07-27 20:12:31.60051'),
	(93, 93, 853397.96, 954611.75, '2025-09-26 09:10:32.266918'),
	(94, 94, 594045.81, 690389.28, '2026-04-03 20:58:17.396571'),
	(95, 95, 397827.90, 435930.12, '2025-05-21 23:30:41.184329'),
	(96, 96, 1044527.76, 1216597.64, '2026-04-11 06:04:59.676415'),
	(97, 97, 249006.16, 267222.98, '2026-01-22 06:35:04.92445'),
	(98, 98, 787491.72, 872860.71, '2025-11-27 10:57:37.177414'),
	(99, 99, 1606.33, 1738.42, '2025-05-01 10:41:59.359393'),
	(100, 100, 939591.73, 1073451.69, '2025-08-30 03:29:00.299964'),
	(101, 101, 708757.14, 751220.52, '2025-10-31 00:35:29.870347'),
	(102, 102, 256069.11, 289261.83, '2025-09-04 00:18:14.495543'),
	(103, 103, 3313.08, 3488.21, '2025-08-03 18:21:55.570614'),
	(104, 104, 2421.66, 2587.64, '2026-01-27 11:48:14.760362'),
	(105, 105, 4949.42, 5689.61, '2025-05-19 11:12:00.264179'),
	(106, 106, 1325.21, 1514.13, '2025-06-17 20:21:45.400063'),
	(107, 107, 543299.00, 598997.25, '2025-07-02 12:50:54.698579'),
	(108, 108, 326656.79, 376837.03, '2026-02-19 22:40:50.376756'),
	(109, 109, 2087.99, 2233.36, '2025-12-22 11:55:32.211676'),
	(110, 110, 134155.63, 153164.34, '2025-06-03 00:06:57.922854'),
	(111, 111, 174551.31, 198283.25, '2025-06-13 19:48:06.290948'),
	(112, 112, 273316.44, 317703.77, '2025-10-30 17:32:40.36339'),
	(113, 113, 727597.79, 818379.42, '2025-09-06 02:42:45.928545'),
	(114, 114, 255539.68, 282597.68, '2025-10-24 10:05:18.283589'),
	(115, 115, 1192995.98, 1305439.63, '2026-04-13 23:25:44.065565'),
	(116, 116, 337609.54, 383492.20, '2025-10-09 04:00:20.29807'),
	(117, 117, 5907.40, 6450.70, '2025-10-22 00:28:34.798681'),
	(118, 118, 402171.38, 436941.82, '2026-01-07 15:41:04.796984'),
	(119, 119, 310127.43, 329971.92, '2025-06-13 08:08:03.753583'),
	(120, 120, 308068.38, 359408.81, '2025-11-17 03:15:41.933683'),
	(121, 121, 1267763.46, 1405949.45, '2026-01-20 09:23:54.632932'),
	(122, 122, 925.52, 975.74, '2025-09-27 08:31:46.114684'),
	(123, 123, 5766.58, 6267.93, '2026-04-20 07:02:25.999108'),
	(124, 124, 2555.93, 2847.05, '2026-02-15 16:58:04.502768'),
	(125, 125, 411458.26, 449626.90, '2025-05-21 03:36:42.163613'),
	(126, 126, 486087.22, 528003.93, '2025-09-04 11:13:20.166764'),
	(127, 127, 3405.39, 3804.36, '2026-03-27 03:25:57.015465'),
	(128, 128, 3916.46, 4551.56, '2025-08-13 12:26:13.970996'),
	(129, 129, 701.02, 801.35, '2025-11-29 04:37:24.672411'),
	(130, 130, 2871.90, 3134.31, '2025-09-01 21:04:46.430953'),
	(131, 131, 4230.40, 4695.89, '2025-11-12 10:00:58.097378'),
	(132, 132, 458631.49, 506356.18, '2025-05-12 21:11:22.600301'),
	(133, 133, 170507.11, 179650.48, '2025-05-14 22:03:20.745277'),
	(134, 134, 4634.92, 4892.62, '2025-09-04 02:06:58.401597'),
	(135, 135, 1150.32, 1214.65, '2025-11-03 23:23:18.058616'),
	(136, 136, 455373.51, 528765.86, '2025-12-07 20:19:20.304719'),
	(137, 137, 4811.23, 5498.64, '2025-04-27 19:22:43.614238'),
	(138, 138, 5926.38, 6363.26, '2025-12-31 05:14:15.876713'),
	(139, 139, 1397.16, 1610.62, '2026-04-15 05:22:21.550783'),
	(140, 140, 971.34, 1081.69, '2026-04-11 11:05:38.950192'),
	(141, 141, 323751.78, 359038.55, '2026-01-20 21:12:29.915117'),
	(142, 142, 3188.77, 3629.53, '2025-06-02 02:47:20.665487'),
	(143, 143, 252057.42, 291347.41, '2026-01-13 11:58:56.770193'),
	(144, 144, 3904.05, 4236.77, '2026-04-08 09:31:31.312139'),
	(145, 145, 1644.86, 1897.16, '2025-11-20 23:35:27.523747'),
	(146, 146, 3737.55, 4192.32, '2025-07-23 10:17:38.074998'),
	(147, 147, 7750.65, 9067.69, '2026-01-16 02:46:26.237965'),
	(148, 148, 1229725.22, 1346418.53, '2025-11-15 20:35:57.079585'),
	(149, 149, 704114.57, 785376.82, '2025-06-10 04:06:05.368753'),
	(150, 150, 3428.26, 3654.65, '2025-09-05 09:52:51.361655'),
	(151, 151, 150148.08, 169399.09, '2025-12-03 19:50:55.328768'),
	(152, 152, 262082.52, 277739.28, '2025-11-30 17:55:54.866744'),
	(153, 153, 629993.06, 695032.43, '2026-04-28 10:54:40.639242'),
	(154, 154, 540547.11, 571769.86, '2025-05-04 01:49:46.065611'),
	(155, 155, 1246071.21, 1339648.85, '2026-02-14 22:04:32.866637'),
	(156, 156, 143717.12, 163593.87, '2025-07-07 16:28:38.642215'),
	(157, 157, 3199.01, 3417.49, '2026-03-04 15:48:15.074919'),
	(158, 158, 711504.58, 825540.98, '2026-03-30 22:55:50.327008'),
	(159, 159, 2915.34, 3176.19, '2026-03-27 14:22:57.742094'),
	(160, 160, 423337.25, 453091.40, '2025-05-18 10:43:50.418379'),
	(161, 161, 125040.13, 138725.99, '2025-07-13 20:06:43.116012'),
	(162, 162, 1155254.34, 1231523.57, '2026-01-13 01:23:55.025599'),
	(163, 163, 627845.38, 729297.04, '2025-04-22 17:01:18.032545'),
	(164, 164, 1820.76, 2009.93, '2025-05-09 09:19:12.860292'),
	(165, 165, 874412.03, 938094.89, '2026-01-30 12:41:48.865934'),
	(166, 166, 6070.81, 6804.09, '2026-03-12 08:28:18.205433'),
	(167, 167, 1701.33, 1883.10, '2025-08-11 05:19:56.55413'),
	(168, 168, 847572.89, 913381.17, '2025-07-18 19:40:02.697738'),
	(169, 169, 3924.09, 4362.69, '2025-07-15 13:18:41.375641'),
	(170, 170, 326561.40, 381464.61, '2025-09-21 13:54:21.485252'),
	(171, 171, 217156.47, 230693.91, '2026-01-15 11:29:54.12861'),
	(172, 172, 987343.07, 1156976.78, '2025-10-09 04:44:25.614354'),
	(173, 173, 241225.89, 276075.18, '2025-12-19 18:35:48.824939'),
	(174, 174, 3007.49, 3353.28, '2025-06-23 05:05:41.826291'),
	(175, 175, 1280495.10, 1365062.27, '2026-02-25 22:39:50.208562'),
	(176, 176, 1025621.32, 1083232.09, '2025-06-18 06:43:45.622428'),
	(177, 177, 4502.77, 5208.20, '2026-03-14 08:46:59.527296'),
	(178, 178, 3862.15, 4334.09, '2025-06-09 01:09:36.352657'),
	(179, 179, 452065.61, 520265.92, '2025-05-24 08:36:29.685986'),
	(180, 180, 1105241.08, 1245864.32, '2026-01-24 23:36:19.926303'),
	(181, 181, 6845.57, 7845.83, '2025-05-18 16:17:36.005822'),
	(182, 182, 1669.95, 1916.02, '2025-05-13 22:15:33.797217'),
	(183, 183, 639578.29, 697595.83, '2025-05-25 09:34:43.508848'),
	(184, 184, 725078.04, 810050.15, '2025-09-10 10:01:28.539117'),
	(185, 185, 5579.25, 6074.69, '2026-04-16 02:11:07.408058'),
	(186, 186, 4675.49, 5499.05, '2025-04-26 15:48:35.967422'),
	(187, 187, 798810.94, 905716.78, '2026-01-18 22:02:54.500467'),
	(188, 188, 2641.29, 2806.12, '2025-07-02 13:40:18.73382'),
	(189, 189, 441184.62, 504164.15, '2025-07-08 08:10:14.926119'),
	(190, 190, 4921.22, 5601.34, '2025-10-26 18:41:19.806648'),
	(191, 191, 2687.40, 3130.58, '2025-08-24 23:33:18.924188'),
	(192, 192, 436125.35, 506605.53, '2025-05-19 05:25:23.685911'),
	(193, 193, 800592.74, 902456.45, '2025-08-02 17:01:46.640628'),
	(194, 194, 556339.38, 594662.49, '2025-05-23 08:50:51.202474'),
	(195, 195, 4303.55, 4821.95, '2025-11-10 00:47:15.423016'),
	(196, 196, 5296.99, 6066.00, '2025-07-30 17:06:34.619604'),
	(197, 197, 3258.94, 3622.95, '2025-09-05 12:36:39.647328'),
	(198, 198, 6827.33, 7943.21, '2025-08-15 21:23:21.939248'),
	(199, 199, 1074943.04, 1219445.88, '2025-06-07 20:03:02.821005'),
	(200, 200, 246817.58, 287708.71, '2025-12-20 15:16:41.029667'),
	(201, 1, 2714.35, 2612.39, '2025-06-18 09:02:39.213601'),
	(202, 2, 1003674.05, 966633.19, '2026-02-06 07:38:32.396747'),
	(203, 3, 2251.88, 2199.77, '2026-02-28 13:23:11.968096'),
	(204, 4, 4270.49, 4111.23, '2025-04-29 23:17:42.660361'),
	(205, 5, 7203.81, 7023.64, '2025-12-18 07:40:41.274949'),
	(206, 6, 4868.27, 4695.16, '2025-09-21 02:50:29.973832'),
	(207, 7, 160483.82, 154889.39, '2025-09-27 21:52:53.14835'),
	(208, 8, 1827.22, 1780.81, '2026-02-17 14:31:23.852506'),
	(209, 9, 138034.64, 134999.40, '2025-08-14 04:01:20.615378'),
	(210, 10, 2428.31, 2347.18, '2025-08-12 14:51:26.659494'),
	(211, 11, 2540.02, 2452.88, '2026-04-09 08:51:10.218466'),
	(212, 12, 466094.90, 448648.98, '2025-04-25 07:26:36.374525'),
	(213, 13, 1082529.15, 1069799.57, '2025-04-24 03:18:14.430166'),
	(214, 14, 4623.94, 4459.87, '2025-08-28 23:23:18.556297'),
	(215, 15, 230571.51, 227800.90, '2025-09-07 02:32:17.68978'),
	(216, 16, 913133.47, 882718.67, '2025-08-10 16:01:12.162578'),
	(217, 17, 769012.22, 748102.37, '2026-02-19 00:57:23.034091'),
	(218, 18, 3210.61, 3139.27, '2025-11-08 03:12:06.639335'),
	(219, 19, 193446.77, 190068.01, '2026-01-13 15:41:44.188976'),
	(220, 20, 716478.23, 703575.89, '2026-04-12 14:02:28.782019'),
	(221, 21, 812573.56, 786732.43, '2025-11-22 20:27:36.145426'),
	(222, 22, 3804.33, 3728.13, '2025-10-27 16:31:04.950386'),
	(223, 23, 857626.87, 830891.17, '2025-09-03 20:02:54.209039'),
	(224, 24, 3162.44, 3062.62, '2025-12-23 03:36:52.894992'),
	(225, 25, 262497.99, 257589.88, '2025-09-27 21:19:09.447618'),
	(226, 26, 5430.69, 5257.37, '2026-04-07 15:42:38.551608'),
	(227, 27, 4044.11, 3931.00, '2025-10-05 16:51:22.607915'),
	(228, 28, 651081.37, 629710.79, '2026-02-24 19:27:38.402563'),
	(229, 29, 679774.17, 669756.55, '2026-03-18 06:00:49.391543'),
	(230, 30, 5269.54, 5131.78, '2025-07-10 04:59:43.696708'),
	(231, 31, 5336.66, 5139.79, '2025-10-10 15:23:42.954536'),
	(232, 32, 6803.42, 6613.10, '2026-01-30 10:21:36.930967'),
	(233, 33, 605824.61, 597455.97, '2025-05-29 06:54:13.142819'),
	(234, 34, 152844.04, 148855.86, '2025-10-03 23:02:31.527403'),
	(235, 35, 4296.36, 4235.67, '2025-10-05 09:10:07.112033'),
	(236, 36, 503189.37, 485376.26, '2026-03-12 20:28:49.828154'),
	(237, 37, 5238.12, 5074.16, '2025-06-13 01:28:18.883812'),
	(238, 38, 329579.22, 319399.54, '2025-06-25 01:53:17.822305'),
	(239, 39, 177825.00, 172268.87, '2025-10-01 04:46:22.701381'),
	(240, 40, 373852.35, 365212.78, '2026-02-20 09:47:00.163131'),
	(241, 41, 3896.87, 3786.22, '2026-01-20 00:56:21.571397'),
	(242, 42, 811120.88, 800447.55, '2025-08-06 01:42:46.705008'),
	(243, 43, 766989.11, 747465.48, '2025-12-16 10:24:50.551021'),
	(244, 44, 798957.68, 780961.11, '2026-01-02 01:15:23.47207'),
	(245, 45, 4418.25, 4282.35, '2025-11-03 13:18:10.760502'),
	(246, 46, 4364.22, 4305.47, '2025-06-24 20:03:09.899463'),
	(247, 47, 1017747.05, 1006802.75, '2025-08-02 07:36:28.112738'),
	(248, 48, 4874.59, 4813.83, '2025-08-15 08:13:01.449907'),
	(249, 49, 441924.80, 426805.43, '2025-07-26 22:42:17.930047'),
	(250, 50, 1949.81, 1885.16, '2025-11-16 13:49:44.578498'),
	(251, 51, 321069.25, 309969.59, '2025-06-02 07:27:40.188415'),
	(252, 52, 712159.47, 691507.44, '2025-09-13 09:15:55.309187'),
	(253, 53, 8346.28, 8237.73, '2026-04-05 13:17:33.436899'),
	(254, 54, 104259.98, 102344.05, '2025-12-30 21:20:07.4563'),
	(255, 55, 214370.09, 211306.05, '2025-08-31 15:36:12.795274'),
	(256, 56, 6558.59, 6452.43, '2025-11-13 02:25:00.773261'),
	(257, 57, 145146.91, 140430.23, '2026-02-23 23:19:01.799632'),
	(258, 58, 2085.16, 2028.52, '2025-12-29 13:52:32.444868'),
	(259, 59, 5721.11, 5608.41, '2026-03-14 09:05:28.462625'),
	(260, 60, 441397.83, 433234.01, '2025-06-14 19:38:32.896057'),
	(261, 61, 651.85, 645.00, '2026-02-06 09:26:32.004317'),
	(262, 62, 6310.08, 6083.00, '2025-09-14 19:27:48.185448'),
	(263, 63, 3801.57, 3676.54, '2025-05-13 14:57:24.249807'),
	(264, 64, 509317.84, 502418.05, '2025-10-27 02:04:44.919153'),
	(265, 65, 519021.05, 513459.80, '2025-07-19 12:22:44.278366'),
	(266, 66, 4399.65, 4249.10, '2026-02-27 17:33:29.86528'),
	(267, 67, 145887.82, 142248.55, '2025-07-19 05:04:56.494288'),
	(268, 68, 800975.96, 784177.96, '2025-11-11 12:44:35.425075'),
	(269, 69, 4687.01, 4618.72, '2025-09-21 09:48:20.362467'),
	(270, 70, 4883.20, 4775.43, '2026-03-07 10:55:34.390826'),
	(271, 71, 849311.19, 839703.39, '2025-06-22 04:18:40.061052'),
	(272, 72, 5364.03, 5205.82, '2025-12-20 22:29:12.972144'),
	(273, 73, 1183.02, 1140.17, '2026-02-08 06:10:28.227943'),
	(274, 74, 504280.49, 489296.46, '2026-03-05 07:13:20.762268'),
	(275, 75, 204132.64, 197205.85, '2025-12-25 21:58:25.031748'),
	(276, 76, 889345.21, 870547.60, '2025-06-30 18:40:37.336641'),
	(277, 77, 739425.62, 725636.43, '2025-07-28 17:15:37.556804'),
	(278, 78, 937372.38, 922240.36, '2026-03-16 02:17:40.515596'),
	(279, 79, 330824.86, 324525.07, '2026-04-08 12:34:01.847796'),
	(280, 80, 784356.54, 756393.93, '2025-12-29 15:19:19.052797'),
	(281, 81, 521002.41, 507297.90, '2025-11-30 21:07:54.849476'),
	(282, 82, 194158.09, 189826.96, '2026-01-21 21:55:03.816985'),
	(283, 83, 997552.87, 982353.02, '2025-09-03 06:36:29.940105'),
	(284, 84, 803137.95, 787252.48, '2025-06-03 11:38:41.934379'),
	(285, 85, 443305.37, 430930.65, '2025-09-03 18:38:51.046901'),
	(286, 86, 491347.09, 476401.94, '2026-03-13 00:04:16.217171'),
	(287, 87, 786416.69, 759407.78, '2025-06-24 02:43:02.349601'),
	(288, 88, 3954.64, 3804.74, '2026-03-23 07:50:50.753594'),
	(289, 89, 775336.52, 754160.36, '2025-07-02 18:27:46.851924'),
	(290, 90, 3543.93, 3484.59, '2025-07-21 13:28:18.556289'),
	(291, 91, 1005208.11, 967920.51, '2025-05-30 04:47:59.098187'),
	(292, 92, 689082.76, 666097.08, '2025-07-09 18:33:44.031519'),
	(293, 93, 885639.61, 853397.96, '2025-09-14 16:43:45.927489'),
	(294, 94, 603764.15, 594045.81, '2026-03-20 23:36:03.528244'),
	(295, 95, 413699.44, 397827.90, '2025-05-10 04:47:52.110448'),
	(296, 96, 1061587.33, 1044527.76, '2026-03-25 21:40:35.4589'),
	(297, 97, 253867.85, 249006.16, '2026-01-16 00:08:54.141617'),
	(298, 98, 802357.13, 787491.72, '2025-11-20 13:05:11.007906'),
	(299, 99, 1667.06, 1606.33, '2025-04-20 19:11:12.708698'),
	(300, 100, 961351.50, 939591.73, '2025-08-24 11:06:56.132916'),
	(301, 101, 735136.91, 708757.14, '2025-10-16 17:05:37.373922'),
	(302, 102, 264721.26, 256069.11, '2025-08-20 04:28:10.959256'),
	(303, 103, 3424.09, 3313.08, '2025-07-20 04:30:12.913974'),
	(304, 104, 2496.77, 2421.66, '2026-01-17 07:59:16.67795'),
	(305, 105, 5072.88, 4949.42, '2025-05-11 22:09:17.214169'),
	(306, 106, 1345.48, 1325.21, '2025-06-16 05:59:32.732086'),
	(307, 107, 550342.24, 543299.00, '2025-06-21 17:12:05.419373'),
	(308, 108, 329941.11, 326656.79, '2026-02-16 10:23:51.613023'),
	(309, 109, 2128.95, 2087.99, '2025-12-07 05:05:57.829553'),
	(310, 110, 135966.33, 134155.63, '2025-05-20 08:19:06.281366'),
	(311, 111, 177880.47, 174551.31, '2025-06-03 14:05:49.255946'),
	(312, 112, 283474.68, 273316.44, '2025-10-14 19:02:08.389421'),
	(313, 113, 745257.53, 727597.79, '2025-08-27 18:47:08.995182'),
	(314, 114, 260181.57, 255539.68, '2025-10-13 14:15:41.893781'),
	(315, 115, 1214388.36, 1192995.98, '2026-03-31 16:14:40.599319'),
	(316, 116, 343709.03, 337609.54, '2025-09-28 16:15:16.360758'),
	(317, 117, 5996.08, 5907.40, '2025-10-05 10:04:29.584087'),
	(318, 118, 413048.36, 402171.38, '2025-12-21 08:51:32.303062'),
	(319, 119, 317456.18, 310127.43, '2025-06-12 20:18:43.180766'),
	(320, 120, 317802.48, 308068.38, '2025-11-15 15:55:57.796595'),
	(321, 121, 1312245.57, 1267763.46, '2026-01-09 15:04:08.393359'),
	(322, 122, 944.41, 925.52, '2025-09-13 01:10:19.274327'),
	(323, 123, 5930.26, 5766.58, '2026-04-09 16:00:05.989273'),
	(324, 124, 2642.81, 2555.93, '2026-01-27 21:12:32.666782'),
	(325, 125, 424059.63, 411458.26, '2025-05-10 01:10:15.708545'),
	(326, 126, 505369.79, 486087.22, '2025-08-22 11:52:50.633859'),
	(327, 127, 3452.47, 3405.39, '2026-03-15 15:07:15.107293'),
	(328, 128, 3986.86, 3916.46, '2025-08-04 20:15:27.47442'),
	(329, 129, 711.65, 701.02, '2025-11-09 05:02:38.897655'),
	(330, 130, 2962.88, 2871.90, '2025-08-19 16:27:47.289196'),
	(331, 131, 4278.41, 4230.40, '2025-10-24 03:18:19.331889'),
	(332, 132, 474927.39, 458631.49, '2025-05-03 03:10:49.448862'),
	(333, 133, 172215.76, 170507.11, '2025-04-29 07:02:14.059551'),
	(334, 134, 4700.45, 4634.92, '2025-08-31 06:41:41.173756'),
	(335, 135, 1189.61, 1150.32, '2025-10-23 01:57:54.704347'),
	(336, 136, 461146.26, 455373.51, '2025-11-19 14:20:21.377541'),
	(337, 137, 4872.05, 4811.23, '2025-04-20 00:04:09.882289'),
	(338, 138, 6012.31, 5926.38, '2025-12-16 16:45:21.440348'),
	(339, 139, 1450.58, 1397.16, '2026-04-03 23:55:40.611969'),
	(340, 140, 992.09, 971.34, '2026-04-01 04:15:03.984528'),
	(341, 141, 334920.26, 323751.78, '2026-01-08 00:34:39.921172'),
	(342, 142, 3257.49, 3188.77, '2025-05-25 17:37:27.410888'),
	(343, 143, 257104.93, 252057.42, '2026-01-09 09:25:04.058887'),
	(344, 144, 4052.23, 3904.05, '2026-03-31 18:36:10.384807'),
	(345, 145, 1695.77, 1644.86, '2025-11-09 02:45:45.955354'),
	(346, 146, 3879.91, 3737.55, '2025-07-20 07:48:53.205871'),
	(347, 147, 7993.76, 7750.65, '2026-01-11 10:53:52.995774'),
	(348, 148, 1263457.63, 1229725.22, '2025-11-03 07:36:01.787522'),
	(349, 149, 717876.95, 704114.57, '2025-05-25 23:08:33.736683'),
	(350, 150, 3551.35, 3428.26, '2025-08-21 18:32:57.381798'),
	(351, 151, 153758.41, 150148.08, '2025-11-26 08:47:10.101556'),
	(352, 152, 266505.74, 262082.52, '2025-11-11 16:26:21.153855'),
	(353, 153, 650483.65, 629993.06, '2026-04-09 21:41:28.137177'),
	(354, 154, 547593.48, 540547.11, '2025-04-24 01:36:18.85262'),
	(355, 155, 1284180.35, 1246071.21, '2026-02-02 08:43:45.454905'),
	(356, 156, 145978.92, 143717.12, '2025-06-27 01:01:34.926855'),
	(357, 157, 3257.41, 3199.01, '2026-02-19 19:46:35.016696'),
	(358, 158, 726810.83, 711504.58, '2026-03-15 21:20:35.046964'),
	(359, 159, 2996.43, 2915.34, '2026-03-10 14:13:07.958143'),
	(360, 160, 433120.49, 423337.25, '2025-04-30 19:10:17.2672'),
	(361, 161, 127398.10, 125040.13, '2025-07-10 19:39:10.464962'),
	(362, 162, 1185384.96, 1155254.34, '2026-01-03 22:10:55.135799'),
	(363, 163, 640949.69, 627845.38, '2025-04-12 10:15:51.806062'),
	(364, 164, 1888.33, 1820.76, '2025-04-27 05:46:34.521953'),
	(365, 165, 906145.65, 874412.03, '2026-01-19 01:42:43.278393'),
	(366, 166, 6246.22, 6070.81, '2026-02-26 00:56:51.836475'),
	(367, 167, 1756.98, 1701.33, '2025-07-26 20:17:02.908549'),
	(368, 168, 867968.30, 847572.89, '2025-07-06 06:49:34.478964'),
	(369, 169, 3976.74, 3924.09, '2025-07-09 02:38:49.711182'),
	(370, 170, 332959.02, 326561.40, '2025-09-06 14:39:41.12282'),
	(371, 171, 223254.39, 217156.47, '2025-12-28 03:59:54.689276'),
	(372, 172, 1019514.91, 987343.07, '2025-09-28 20:27:25.980757'),
	(373, 173, 249649.17, 241225.89, '2025-11-30 12:22:49.831333'),
	(374, 174, 3038.41, 3007.49, '2025-06-10 23:35:47.112327'),
	(375, 175, 1314875.05, 1280495.10, '2026-02-10 16:43:19.755161'),
	(376, 176, 1058572.50, 1025621.32, '2025-06-03 00:55:54.006792'),
	(377, 177, 4643.60, 4502.77, '2026-03-03 19:32:30.065711'),
	(378, 178, 3966.46, 3862.15, '2025-05-22 10:46:25.914892'),
	(379, 179, 459438.33, 452065.61, '2025-05-10 20:09:57.021663'),
	(380, 180, 1123083.05, 1105241.08, '2026-01-13 03:57:00.929043'),
	(381, 181, 7041.47, 6845.57, '2025-05-10 03:11:43.561968'),
	(382, 182, 1718.80, 1669.95, '2025-04-27 14:45:22.630294'),
	(383, 183, 653046.94, 639578.29, '2025-05-21 11:54:36.357809'),
	(384, 184, 741504.93, 725078.04, '2025-08-22 03:00:15.963001'),
	(385, 185, 5755.31, 5579.25, '2026-04-02 23:36:01.956462'),
	(386, 186, 4788.19, 4675.49, '2025-04-16 03:20:20.045383'),
	(387, 187, 817481.39, 798810.94, '2026-01-07 14:31:49.590411'),
	(388, 188, 2720.96, 2641.29, '2025-06-24 10:23:10.336267'),
	(389, 189, 456125.01, 441184.62, '2025-07-03 02:51:28.446121'),
	(390, 190, 5048.21, 4921.22, '2025-10-11 22:11:44.417783'),
	(391, 191, 2772.74, 2687.40, '2025-08-19 19:59:43.261889'),
	(392, 192, 451841.94, 436125.35, '2025-05-17 17:44:02.082851'),
	(393, 193, 810889.27, 800592.74, '2025-07-18 19:13:30.050059'),
	(394, 194, 577909.64, 556339.38, '2025-05-03 23:12:58.018854'),
	(395, 195, 4413.74, 4303.55, '2025-10-23 18:57:36.906326'),
	(396, 196, 5458.72, 5296.99, '2025-07-17 15:45:58.727502'),
	(397, 197, 3337.07, 3258.94, '2025-08-27 06:55:12.267541'),
	(398, 198, 6911.01, 6827.33, '2025-08-11 14:03:34.502995'),
	(399, 199, 1113380.69, 1074943.04, '2025-06-05 06:12:40.22783'),
	(400, 200, 252278.68, 246817.58, '2025-12-18 22:21:29.602073'),
	(401, 5, 7404.50, 7203.81, '2025-12-09 12:19:30.477001'),
	(402, 16, 940360.00, 913133.47, '2025-08-03 17:26:21.199198'),
	(403, 23, 868437.34, 857626.87, '2025-08-29 17:18:12.307473'),
	(404, 33, 616939.93, 605824.61, '2025-05-21 16:22:31.43052'),
	(405, 39, 179830.64, 177825.00, '2025-09-21 18:21:45.011176'),
	(406, 44, 816483.06, 798957.68, '2025-12-23 19:01:10.186603'),
	(407, 60, 448764.89, 441397.83, '2025-06-04 21:51:49.791273'),
	(408, 64, 523428.94, 509317.84, '2025-10-20 16:34:48.384326'),
	(409, 75, 208613.81, 204132.64, '2025-12-15 02:54:59.191127'),
	(410, 76, 912887.48, 889345.21, '2025-06-23 18:36:00.133711'),
	(411, 79, 336620.73, 330824.86, '2026-03-30 13:24:41.366093'),
	(412, 82, 197909.24, 194158.09, '2026-01-09 21:50:19.216204'),
	(413, 91, 1030694.78, 1005208.11, '2025-05-21 04:40:36.467933'),
	(414, 92, 704308.20, 689082.76, '2025-07-01 15:50:06.040022'),
	(415, 93, 908588.02, 885639.61, '2025-09-06 21:21:16.110339'),
	(416, 94, 612826.90, 603764.15, '2026-03-10 21:07:42.064394'),
	(417, 96, 1092053.88, 1061587.33, '2026-03-20 11:41:27.716786'),
	(418, 101, 754884.64, 735136.91, '2025-10-08 01:50:09.664273'),
	(419, 102, 267856.81, 264721.26, '2025-08-11 16:51:30.86549'),
	(420, 104, 2548.70, 2496.77, '2026-01-11 13:32:00.126603'),
	(421, 110, 137800.44, 135966.33, '2025-05-07 01:49:20.723926'),
	(422, 116, 349393.52, 343709.03, '2025-09-16 12:29:00.350267'),
	(423, 118, 425158.72, 413048.36, '2025-12-13 22:35:41.836581'),
	(424, 121, 1351400.68, 1312245.57, '2026-01-02 17:46:18.080908'),
	(425, 130, 3012.52, 2962.88, '2025-08-11 03:57:28.708157'),
	(426, 135, 1204.69, 1189.61, '2025-10-11 13:47:22.356924'),
	(427, 141, 343712.18, 334920.26, '2026-01-01 18:03:03.499242'),
	(428, 160, 444394.07, 433120.49, '2025-04-20 02:50:29.077391'),
	(429, 170, 340931.49, 332959.02, '2025-08-27 09:18:49.17839'),
	(430, 171, 228679.26, 223254.39, '2025-12-16 15:13:11.141239'),
	(431, 173, 255220.53, 249649.17, '2025-11-25 06:13:19.442357'),
	(432, 179, 472508.61, 459438.33, '2025-05-01 01:45:30.270843'),
	(433, 194, 593345.68, 577909.64, '2025-04-26 03:13:07.943631'),
	(434, 196, 5513.82, 5458.72, '2025-07-12 11:28:57.421875'),
	(435, 8, 1874.12, 1827.22, '2026-02-03 06:22:52.890872'),
	(436, 20, 732850.67, 716478.23, '2026-03-31 05:26:28.02451'),
	(437, 36, 517236.54, 503189.37, '2026-03-02 13:29:33.860087'),
	(438, 46, 4462.62, 4364.22, '2025-06-17 02:53:39.646702'),
	(439, 53, 8456.45, 8346.28, '2026-03-27 10:53:55.455242'),
	(440, 56, 6742.03, 6558.59, '2025-11-06 16:15:46.174594'),
	(441, 57, 148514.88, 145146.91, '2026-02-16 21:38:58.243584'),
	(442, 66, 4519.05, 4399.65, '2026-02-18 19:16:12.675493'),
	(443, 77, 760015.55, 739425.62, '2025-07-15 17:44:28.385608'),
	(444, 86, 499616.57, 491347.09, '2026-03-03 22:05:26.187871'),
	(445, 89, 792349.66, 775336.52, '2025-06-26 22:13:55.212335'),
	(446, 122, 957.68, 944.41, '2025-09-04 16:03:49.140757'),
	(447, 127, 3501.34, 3452.47, '2026-03-09 20:15:09.95093'),
	(448, 157, 3303.56, 3257.41, '2026-02-13 13:30:16.648277'),
	(449, 164, 1913.28, 1888.33, '2025-04-15 22:10:43.04419'),
	(450, 176, 1077724.45, 1058572.50, '2025-05-24 23:17:36.777144'),
	(451, 184, 759416.65, 741504.93, '2025-08-13 07:30:29.164399'),
	(452, 185, 5866.80, 5755.31, '2026-03-23 11:08:29.607615'),
	(453, 190, 5183.53, 5048.21, '2025-10-01 01:25:33.608327');

INSERT INTO "transactions" ("transaction_id", "listing_id", "buyer_name", "buyer_email", "price", "date") VALUES
	(1, 1, 'Luke Skywalker', 'luke.skywalker@tatooine.com', 2808.44, '2025-09-08'),
	(2, 2, 'Darth Vader', 'darth.vader@empire.gov', 1098702.57, '2026-03-13'),
	(3, 3, 'Leia Organa', 'leia.organa@alderaan.net', 2383.68, '2026-05-11'),
	(4, 8, 'Han Solo', 'han.solo@millenniumfalcon.com', 1925.92, '2026-04-02'),
	(5, 11, 'Yoda', 'yoda@dagobah.sw', 2817.90, '2026-06-06'),
	(6, 17, 'Obi-Wan Kenobi', 'obiwan.kenobi@jedimaster.org', 811006.45, '2026-05-05'),
	(7, 20, 'Padmé Amidala', 'padme.amidala@naboo.gov', 804127.60, '2026-06-13'),
	(8, 21, 'Anakin Skywalker', 'anakin.skywalker@chosenone.com', 882370.20, '2026-02-05'),
	(9, 22, 'Ahsoka Tano', 'ahsoka.tano@clonewars.net', 4253.10, '2026-01-16'),
	(10, 26, 'Rey Palpatine', 'rey@jakku.space', 6101.89, '2026-05-24'),
	(11, 27, 'Kylo Ren', 'kylo.ren@firstorder.com', 4455.49, '2025-11-11'),
	(12, 30, 'Finn', 'finn@resistance.org', 5642.48, '2025-08-13'),
	(13, 32, 'Poe Dameron', 'poe.dameron@blackleader.net', 7495.92, '2026-03-17'),
	(14, 34, 'Mace Windu', 'mace.windu@council.jedi', 170414.73, '2025-12-10'),
	(15, 36, 'Qui-Gon Jinn', 'quigon.jinn@livingforce.com', 525595.06, '2026-05-28'),
	(16, 37, 'Jar Jar Binks', 'jarbinks@naboo.sw', 5738.95, '2025-08-12'),
	(17, 38, 'Lando Calrissian', 'lando@cloudcity.biz', 372841.07, '2025-08-26'),
	(18, 41, 'Chewbacca', 'chewie@millenniumfalcon.com', 4044.78, '2026-02-28'),
	(19, 45, 'C-3PO', 'c3po@protocol.droid', 4926.46, '2026-01-24'),
	(20, 46, 'R2-D2', 'r2d2@astromech.net', 4962.69, '2025-07-27'),
	(21, 48, 'BB-8', 'bb8@resistance.org', 5149.55, '2025-09-14'),
	(22, 49, 'Grand Moff Tarkin', 'tarkin@deathstar.empire', 484926.83, '2025-10-15'),
	(23, 52, 'Boba Fett', 'boba.fett@mandalorian.com', 813070.91, '2025-10-21'),
	(24, 53, 'Jango Fett', 'jango.fett@kamino.clones', 8917.71, '2026-05-24'),
	(25, 56, 'Captain Phasma', 'phasma@firstorder.net', 7033.97, '2026-01-03'),
	(26, 57, 'General Grievous', 'grievous@separatist.org', 154960.42, '2026-04-14'),
	(27, 58, 'Count Dooku', 'dooku@serenno.com', 2158.94, '2026-03-15'),
	(28, 66, 'Darth Maul', 'maul@nightsisters.net', 4586.47, '2026-05-10'),
	(29, 67, 'Jyn Erso', 'jyn.erso@rogueone.org', 158216.71, '2025-09-14'),
	(30, 68, 'Cassian Andor', 'cassian.andor@rebellion.com', 913971.99, '2025-12-19'),
	(31, 69, 'K-2SO', 'k2so@imperial.droid', 5411.68, '2025-10-23'),
	(32, 70, 'Chirrut Îmwe', 'chirrut@whills.net', 5078.89, '2026-04-26'),
	(33, 72, 'Baze Malbus', 'baze@guardians.com', 5762.28, '2026-03-17'),
	(34, 73, 'Saw Gerrera', 'saw@partisans.org', 1320.42, '2026-04-26'),
	(35, 77, 'Wedge Antilles', 'wedge@roguesquadron.net', 827579.87, '2025-08-13'),
	(36, 80, 'Admiral Ackbar', 'ackbar@moncalamari.com', 806210.54, '2026-02-21'),
	(37, 85, 'Mon Mothma', 'mothma@chandrila.gov', 486805.06, '2025-11-10'),
	(38, 86, 'Hera Syndulla', 'hera@phoenix.net', 512114.37, '2026-04-25'),
	(39, 87, 'Kanan Jarrus', 'kanan@rebel.jedi', 855731.14, '2025-08-09'),
	(40, 88, 'Ezra Bridger', 'ezra@lothal.com', 4133.14, '2026-06-04'),
	(41, 89, 'Sabine Wren', 'sabine@mandalore.net', 842720.68, '2025-08-02'),
	(42, 90, 'Zeb Orrelios', 'zeb@lasat.org', 3932.26, '2025-10-11'),
	(43, 97, 'Moff Gideon', 'gideon@darktroopers.com', 267222.98, '2026-04-08'),
	(44, 98, 'Din Djarin', 'mandalorian@bountyhunter.net', 872860.71, '2026-01-27'),
	(45, 103, 'Grogu', 'grogu@thechild.com', 3488.21, '2025-08-30'),
	(46, 105, 'Bo-Katan Kryze', 'bokatan@mandalore.net', 5689.61, '2025-07-16'),
	(47, 108, 'Fennec Shand', 'fennec@assassin.com', 376837.03, '2026-04-18'),
	(48, 113, 'Cara Dune', 'cara.dune@shocktrooper.org', 818379.42, '2025-11-22'),
	(49, 114, 'Greef Karga', 'greef@bountyhuntersguild.net', 282597.68, '2026-01-06'),
	(50, 117, 'IG-11', 'ig11@droid.bounty', 6450.70, '2025-11-27'),
	(51, 120, 'Paz Vizsla', 'paz@heavy.mandalorian', 359408.81, '2025-12-31'),
	(52, 122, 'The Armorer', 'armorer@mandalore.net', 975.74, '2025-10-26'),
	(53, 123, 'Asajj Ventress', 'asajj@nightsister.com', 6267.93, '2026-06-30'),
	(54, 124, 'Savage Opress', 'savage@zabrak.org', 2847.05, '2026-04-16'),
	(55, 125, 'Mother Talzin', 'talzin@nightsisters.net', 449626.90, '2025-07-29'),
	(56, 127, 'Qira', 'qira@crimsondawn.com', 3804.36, '2026-04-11'),
	(57, 128, 'Dryden Vos', 'dryden.vos@crimson.org', 4551.56, '2025-10-11'),
	(58, 129, 'Enfys Nest', 'enfys@cloudriders.net', 801.35, '2026-01-20'),
	(59, 131, 'Rose Tico', 'rose@resistance.tech', 4695.89, '2025-11-21'),
	(60, 132, 'Hux', 'hux@firstorder.mil', 506356.18, '2025-07-04'),
	(61, 134, 'Snoke', 'snoke@unknownregions.com', 4892.62, '2025-11-11'),
	(62, 137, 'Zam Wesell', 'zam@clawdite.assassin', 5498.64, '2025-05-29'),
	(63, 142, 'Plo Koon', 'plo.koon@keldor.jedi', 3629.53, '2025-07-06'),
	(64, 143, 'Kit Fisto', 'kit.fisto@nautolan.net', 291347.41, '2026-02-11'),
	(65, 144, 'Aayla Secura', 'aayla@rutian.twilek', 4236.77, '2026-06-27'),
	(66, 146, 'Shaak Ti', 'shaak.ti@togruta.jedi', 4192.32, '2025-08-24'),
	(67, 147, 'Luminara Unduli', 'luminara@mirialan.org', 9067.69, '2026-03-21'),
	(68, 148, 'Barriss Offee', 'barriss@mirialan.net', 1346418.53, '2026-01-15'),
	(69, 151, 'Coleman Trebor', 'coleman@vurk.jedi', 169399.09, '2026-01-14'),
	(70, 153, 'Ki-Adi-Mundi', 'mundi@cerean.jedi', 695032.43, '2026-06-27'),
	(71, 157, 'Depa Billaba', 'depa@chancellor.guard', 3417.49, '2026-04-02'),
	(72, 158, 'Oppo Rancisis', 'oppo@thisspias.jedi', 825540.98, '2026-04-19'),
	(73, 159, 'Even Piell', 'even@lannik.jedi', 3176.19, '2026-04-17'),
	(74, 161, 'Saesee Tiin', 'saesee@iktotchi.jedi', 138725.99, '2025-09-08'),
	(75, 162, 'Adi Gallia', 'adi@tholothian.jedi', 1231523.57, '2026-03-18'),
	(76, 164, 'Stass Allie', 'stass@tholothian.net', 2009.93, '2025-06-09'),
	(77, 166, 'Pong Krell', 'pong.krell@besalisk.com', 6804.09, '2026-03-30'),
	(78, 169, 'Jocasta Nu', 'jocasta@archives.jedi', 4362.69, '2025-09-16'),
	(79, 174, 'Tera Sinube', 'tera@cosian.jedi', 3353.28, '2025-07-24'),
	(80, 175, 'Yaddle', 'yaddle@female.species', 1365062.27, '2026-03-28'),
	(81, 176, 'Bendu', 'bendu@theones.who.came.before', 1083232.09, '2025-08-06'),
	(82, 177, 'Nien Nunb', 'nien@sullust.pilot', 5208.20, '2026-04-03'),
	(83, 178, 'Pelli Motto', 'pelli@mos.eisley.tech', 4334.09, '2025-07-29'),
	(84, 184, 'Kuiil', 'kuiil@ugnaught.net', 810050.15, '2025-10-25'),
	(85, 185, 'Mayfeld', 'mayfeld@ex-sharpshooter.com', 6074.69, '2026-05-24'),
	(86, 189, 'Migs Mayfeld', 'migs@imperial.net', 504164.15, '2025-08-05'),
	(87, 190, 'Valin Hess', 'hess@morningstar.com', 5601.34, '2025-11-28'),
	(88, 193, 'Moroff', 'moroff@gigoran.mercenary', 902456.45, '2025-09-01'),
	(89, 195, 'Benthic', 'benthic@twilek.partisan', 4821.95, '2025-11-26'),
	(90, 197, 'Edrio', 'edrio@twin.tubes', 3622.95, '2025-10-11');

SELECT setval('price_history_history_id_seq', (SELECT COALESCE(MAX(history_id), 1) FROM price_history));
SELECT setval('transactions_transaction_id_seq', (SELECT COALESCE(MAX(transaction_id), 1) FROM transactions));
SELECT setval('listings_listing_id_seq', (SELECT COALESCE(MAX(listing_id), 1) FROM listings));
SELECT setval('properties_property_id_seq', (SELECT COALESCE(MAX(property_id), 1) FROM properties));
SELECT setval('agents_agent_id_seq', (SELECT COALESCE(MAX(agent_id), 1) FROM agents));
SELECT setval('addresses_address_id_seq', (SELECT COALESCE(MAX(address_id), 1) FROM addresses));
SELECT setval('neighborhoods_neighborhood_id_seq', (SELECT COALESCE(MAX(neighborhood_id), 1) FROM neighborhoods));